unit_id	headword	audit_status	german_source	german_locator	english_source	english_locator	persian_source	persian_locator	correction_or_note
MEN-A1-00015	verheiraten	VERIFIED	duden_online	https://www.duden.de/rechtschreibung/verheiraten	cambridge_de_en	https://dictionary.cambridge.org/dictionary/german-english/verheiraten	wort_ir	https://wort.app/woerterbuch/deutsch-persisch/verheiraten	Live three-layer evidence matched canonical sense.
MEN-A1-00029	versteigern	VERIFIED	duden_online	https://www.duden.de/rechtschreibung/versteigern	cambridge_de_en	https://dictionary.cambridge.org/dictionary/german-english/versteigern	wort_ir	https://wort.app/woerterbuch/deutsch-persisch/versteigern	Live three-layer evidence matched canonical sense.
MEN-A1-00031	suchen	VERIFIED	duden_online	https://www.duden.de/rechtschreibung/suchen	langenscheidt_de_en	https://de.langenscheidt.com/deutsch-englisch/suchen	langenscheidt_de_fa	https://de.langenscheidt.com/deutsch-persisch/suchen	Live three-layer evidence matched canonical sense.
MEN-A1-00032	besuchen	VERIFIED	duden_online	https://www.duden.de/rechtschreibung/besuchen	langenscheidt_de_en	https://de.langenscheidt.com/deutsch-englisch/besuchen	langenscheidt_de_fa	https://de.langenscheidt.com/deutsch-persisch/besuchen	Live three-layer evidence matched canonical sense.
MEN-A1-00033	backen	VERIFIED	duden_online	https://www.duden.de/rechtschreibung/backen	langenscheidt_de_en	https://de.langenscheidt.com/deutsch-englisch/backen	langenscheidt_de_fa	https://de.langenscheidt.com/deutsch-persisch/backen	Live three-layer evidence matched canonical sense.
MEN-A1-00034	treffen	VERIFIED	duden_online	https://www.duden.de/rechtschreibung/treffen	langenscheidt_de_en	https://de.langenscheidt.com/deutsch-englisch/treffen	langenscheidt_de_fa	https://de.langenscheidt.com/deutsch-persisch/treffen	Live three-layer evidence matched canonical sense.
MEN-A1-00035	sich treffen	VERIFIED	duden_online	https://www.duden.de/rechtschreibung/treffen	langenscheidt_de_en	https://de.langenscheidt.com/deutsch-englisch/treffen	langenscheidt_de_fa	https://de.langenscheidt.com/deutsch-persisch/treffen	sich treffen construction explicitly attested in Duden and bilingual entries.
MEN-A1-00036	kochen	VERIFIED	duden_online	https://www.duden.de/rechtschreibung/kochen	langenscheidt_de_en	https://de.langenscheidt.com/deutsch-englisch/kochen	langenscheidt_de_fa	https://de.langenscheidt.com/deutsch-persisch/kochen	Live three-layer evidence matched canonical sense.
MEN-A1-00037	lieben	VERIFIED	duden_online	https://www.duden.de/rechtschreibung/lieben	langenscheidt_de_en	https://de.langenscheidt.com/deutsch-englisch/lieben	langenscheidt_de_fa	https://de.langenscheidt.com/deutsch-persisch/lieben	Live three-layer evidence matched canonical sense.
MEN-A1-00038	malen	VERIFIED	duden_online	https://www.duden.de/rechtschreibung/malen	langenscheidt_de_en	https://de.langenscheidt.com/deutsch-englisch/malen	langenscheidt_de_fa	https://de.langenscheidt.com/deutsch-persisch/malen	Live three-layer evidence matched canonical sense.
MEN-A1-00039	Rad fahren	VERIFIED	duden_online	https://www.duden.de/rechtschreibung/fahren	langenscheidt_de_en	https://de.langenscheidt.com/deutsch-englisch/fahren	wort_ir	https://wort.app/woerterbuch/deutsch-persisch/fahren	Live three-layer evidence matched canonical sense.
MEN-A1-00040	schwimmen	VERIFIED	duden_online	https://www.duden.de/rechtschreibung/schwimmen	langenscheidt_de_en	https://de.langenscheidt.com/deutsch-englisch/schwimmen	langenscheidt_de_fa	https://de.langenscheidt.com/deutsch-persisch/schwimmen	Live three-layer evidence matched canonical sense.
MEN-A1-00041	singen	VERIFIED	duden_online	https://www.duden.de/rechtschreibung/singen	langenscheidt_de_en	https://de.langenscheidt.com/deutsch-englisch/singen	langenscheidt_de_fa	https://de.langenscheidt.com/deutsch-persisch/singen	Live three-layer evidence matched canonical sense.
MEN-A1-00042	spazieren gehen	VERIFIED	duden_online	https://www.duden.de/rechtschreibung/spazieren	langenscheidt_de_en	https://de.langenscheidt.com/deutsch-englisch/spazieren	langenscheidt_de_fa	https://de.langenscheidt.com/deutsch-persisch/spazieren	spazieren gehen / go for a walk sense checked.
MEN-A1-00043	bummeln	CORRECTED_VERIFIED	duden_online	https://www.duden.de/rechtschreibung/bummeln	langenscheidt_de_en	https://de.langenscheidt.com/deutsch-englisch/bummeln	langenscheidt_de_fa	https://de.langenscheidt.com/deutsch-persisch/bummeln	Corrected Perfekt for strolling/browsing sense from hat gebummelt to ist gebummelt; Duden distinguishes this from the 'loaf/work slowly' sense.
MEN-A1-00044	wandern	VERIFIED	duden_online	https://www.duden.de/rechtschreibung/wandern	langenscheidt_de_en	https://de.langenscheidt.com/deutsch-englisch/wandern	wort_ir	https://wort.app/woerterbuch/deutsch-persisch/wandern	Hiking/walking sense and sein auxiliary checked; Persian hiking sense explicitly attested.
MEN-A1-00045	tanzen	VERIFIED	duden_online	https://www.duden.de/rechtschreibung/tanzen	langenscheidt_de_en	https://de.langenscheidt.com/deutsch-englisch/tanzen	langenscheidt_de_fa	https://de.langenscheidt.com/deutsch-persisch/tanzen	Live three-layer evidence matched canonical sense.
MEN-A1-00046	können	VERIFIED	duden_online	https://www.duden.de/rechtschreibung/koennen	langenscheidt_de_en	https://de.langenscheidt.com/deutsch-englisch/koennen	langenscheidt_de_fa	https://de.langenscheidt.com/deutsch-persisch/koennen	Modal ability sense checked.
MEN-A1-00047	rauchen	VERIFIED	duden_online	https://www.duden.de/rechtschreibung/rauchen	langenscheidt_de_en	https://de.langenscheidt.com/deutsch-englisch/rauchen	langenscheidt_de_fa	https://de.langenscheidt.com/deutsch-persisch/rauchen	Live three-layer evidence matched canonical sense.
MEN-A1-00048	verwenden	VERIFIED	duden_online	https://www.duden.de/rechtschreibung/verwenden	langenscheidt_de_en	https://de.langenscheidt.com/deutsch-englisch/verwenden	langenscheidt_de_fa	https://de.langenscheidt.com/deutsch-persisch/verwenden	Live three-layer evidence matched canonical sense.
MEN-A1-00049	sich bedanken	VERIFIED	duden_online	https://www.duden.de/rechtschreibung/bedanken	langenscheidt_de_en	https://de.langenscheidt.com/deutsch-englisch/bedanken	langenscheidt_de_fa	https://de.langenscheidt.com/deutsch-persisch/bedanken	Reflexive thanking sense checked.
MEN-A1-00050	chatten	VERIFIED	duden_online	https://www.duden.de/rechtschreibung/chatten	langenscheidt_de_en	https://de.langenscheidt.com/deutsch-englisch/chatten	langenscheidt_de_fa	https://de.langenscheidt.com/deutsch-persisch/chatten	Internet chat sense and gechattet morphology checked.
MEN-A1-00051	sehen	VERIFIED	duden_online	https://www.duden.de/rechtschreibung/sehen	langenscheidt_de_en	https://de.langenscheidt.com/deutsch-englisch/sehen	langenscheidt_de_fa	https://de.langenscheidt.com/deutsch-persisch/sehen	Live three-layer evidence matched canonical sense.
MEN-A1-00052	nach jdm./etw. sehen	VERIFIED	duden_online	https://www.duden.de/rechtschreibung/sehen	langenscheidt_de_en	https://de.langenscheidt.com/deutsch-englisch/sehen	langenscheidt_de_fa	https://de.langenscheidt.com/deutsch-persisch/nachsehen	nach jemandem/etwas sehen = look after/see to; Persian checking/looking-after wording cross-checked.
MEN-A1-00053	wissen	VERIFIED	duden_online	https://www.duden.de/rechtschreibung/wissen	langenscheidt_de_en	https://de.langenscheidt.com/deutsch-englisch/wissen	langenscheidt_de_fa	https://de.langenscheidt.com/deutsch-persisch/wissen	Live three-layer evidence matched canonical sense.
MEN-A1-00054	von etw. wissen	VERIFIED	duden_online	https://www.duden.de/rechtschreibung/wissen	langenscheidt_de_en	https://de.langenscheidt.com/deutsch-englisch/wissen	wort_ir	https://wort.app/woerterbuch/deutsch-persisch/wissen	von etwas wissen = know about/of; Persian خبر/اطلاع داشتن and davon wusste ich nichts explicitly attested.
MEN-A1-00055	absagen	VERIFIED	duden_online	https://www.duden.de/rechtschreibung/absagen	langenscheidt_de_en	https://de.langenscheidt.com/deutsch-englisch/absagen	langenscheidt_de_fa	https://de.langenscheidt.com/deutsch-persisch/absagen	Live three-layer evidence matched canonical sense.
MEN-A1-00056	betreffen	VERIFIED	duden_online	https://www.duden.de/rechtschreibung/betreffen	langenscheidt_de_en	https://de.langenscheidt.com/deutsch-englisch/betreffen	langenscheidt_de_fa	https://de.langenscheidt.com/deutsch-persisch/betreffen	Live three-layer evidence matched canonical sense.
MEN-A1-00057	vorschlagen	VERIFIED	duden_online	https://www.duden.de/rechtschreibung/vorschlagen	langenscheidt_de_en	https://de.langenscheidt.com/deutsch-englisch/vorschlagen	langenscheidt_de_fa	https://de.langenscheidt.com/deutsch-persisch/vorschlagen	Live three-layer evidence matched canonical sense.
MEN-A1-00058	tauschen	VERIFIED	duden_online	https://www.duden.de/rechtschreibung/tauschen	langenscheidt_de_en	https://de.langenscheidt.com/deutsch-englisch/tauschen	langenscheidt_de_fa	https://de.langenscheidt.com/deutsch-persisch/tauschen	General exchange/swap sense checked.
MEN-A1-00059	etw. gegen etw. tauschen	VERIFIED	duden_online	https://www.duden.de/rechtschreibung/tauschen	langenscheidt_de_en	https://de.langenscheidt.com/deutsch-englisch/tauschen	langenscheidt_de_fa	https://de.langenscheidt.com/deutsch-persisch/tauschen	etwas gegen etwas tauschen explicitly attested by Duden and German-English evidence; Persian مبادله/عوض کردن matches.
MEN-A1-00060	korrigieren	VERIFIED	duden_online	https://www.duden.de/rechtschreibung/korrigieren	langenscheidt_de_en	https://de.langenscheidt.com/deutsch-englisch/korrigieren	langenscheidt_de_fa	https://de.langenscheidt.com/deutsch-persisch/korrigieren	Live three-layer evidence matched canonical sense.
MEN-A1-00061	essen	VERIFIED	duden_online	https://www.duden.de/rechtschreibung/essen	langenscheidt_de_en	https://de.langenscheidt.com/deutsch-englisch/essen	langenscheidt_de_fa	https://de.langenscheidt.com/deutsch-persisch/essen	Live three-layer evidence matched canonical sense.
MEN-A1-00062	mögen	VERIFIED	duden_online	https://www.duden.de/rechtschreibung/moegen	langenscheidt_de_en	https://de.langenscheidt.com/deutsch-englisch/moegen	langenscheidt_de_fa	https://de.langenscheidt.com/deutsch-persisch/moegen	Like/preference sense checked.
MEN-A1-00063	trinken	VERIFIED	duden_online	https://www.duden.de/rechtschreibung/trinken	langenscheidt_de_en	https://de.langenscheidt.com/deutsch-englisch/trinken	langenscheidt_de_fa	https://de.langenscheidt.com/deutsch-persisch/trinken	Live three-layer evidence matched canonical sense.
MEN-A1-00064	auf jdn./etw. trinken	VERIFIED	duden_online	https://www.duden.de/rechtschreibung/trinken	langenscheidt_de_en	https://de.langenscheidt.com/deutsch-englisch/trinken	wort_ir	https://wort.app/woerterbuch/deutsch-persisch/trinken	auf jemanden/etwas trinken = drink/toast to; Persian به سلامتی ... نوشیدن checked.
MEN-A1-00065	kennen	VERIFIED	duden_online	https://www.duden.de/rechtschreibung/kennen	langenscheidt_de_en	https://de.langenscheidt.com/deutsch-englisch/kennen	langenscheidt_de_fa	https://de.langenscheidt.com/deutsch-persisch/kennen	Live three-layer evidence matched canonical sense.
MEN-A1-00066	kennenlernen	VERIFIED	duden_online	https://www.duden.de/rechtschreibung/kennenlernen	langenscheidt_de_en	https://de.langenscheidt.com/deutsch-englisch/kennenlernen	langenscheidt_de_fa	https://de.langenscheidt.com/deutsch-persisch/kennenlernen	Live three-layer evidence matched canonical sense.
MEN-A1-00067	sich kennenlernen	VERIFIED	duden_online	https://www.duden.de/rechtschreibung/kennenlernen	langenscheidt_de_en	https://de.langenscheidt.com/deutsch-englisch/kennenlernen	langenscheidt_de_fa	https://de.langenscheidt.com/deutsch-persisch/kennenlernen	Mutual get-to-know construction checked.
MEN-A1-00068	mit jdm. verkehren	VERIFIED	duden_online	https://www.duden.de/rechtschreibung/verkehren	langenscheidt_de_en	https://de.langenscheidt.com/deutsch-englisch/verkehren	wort_ir	https://wort.app/woerterbuch/deutsch-persisch/verkehren	mit jemandem verkehren social-contact sense checked; excluded transport and sexual senses.
MEN-A1-00069	abfahren	VERIFIED	duden_online	https://www.duden.de/rechtschreibung/abfahren	langenscheidt_de_en	https://de.langenscheidt.com/deutsch-englisch/abfahren	langenscheidt_de_fa	https://de.langenscheidt.com/deutsch-persisch/abfahren	Live three-layer evidence matched canonical sense.
MEN-A1-00070	abholen	VERIFIED	duden_online	https://www.duden.de/rechtschreibung/abholen	langenscheidt_de_en	https://de.langenscheidt.com/deutsch-englisch/abholen	langenscheidt_de_fa	https://de.langenscheidt.com/deutsch-persisch/abholen	Live three-layer evidence matched canonical sense.
MEN-A1-00071	holen	VERIFIED	duden_online	https://www.duden.de/rechtschreibung/holen	langenscheidt_de_en	https://de.langenscheidt.com/deutsch-englisch/holen	langenscheidt_de_fa	https://de.langenscheidt.com/deutsch-persisch/holen	Live three-layer evidence matched canonical sense.
MEN-A1-00072	ankommen	VERIFIED	duden_online	https://www.duden.de/rechtschreibung/ankommen	langenscheidt_de_en	https://de.langenscheidt.com/deutsch-englisch/ankommen	langenscheidt_de_fa	https://de.langenscheidt.com/deutsch-persisch/ankommen	Live three-layer evidence matched canonical sense.
MEN-A1-00073	aussteigen	VERIFIED	duden_online	https://www.duden.de/rechtschreibung/aussteigen	langenscheidt_de_en	https://de.langenscheidt.com/deutsch-englisch/aussteigen	langenscheidt_de_fa	https://de.langenscheidt.com/deutsch-persisch/aussteigen	Live three-layer evidence matched canonical sense.
MEN-A1-00074	einsteigen	VERIFIED	duden_online	https://www.duden.de/rechtschreibung/einsteigen	langenscheidt_de_en	https://de.langenscheidt.com/deutsch-englisch/einsteigen	langenscheidt_de_fa	https://de.langenscheidt.com/deutsch-persisch/einsteigen	Live three-layer evidence matched canonical sense.
MEN-A1-00075	umsteigen	VERIFIED	duden_online	https://www.duden.de/rechtschreibung/umsteigen	langenscheidt_de_en	https://de.langenscheidt.com/deutsch-englisch/umsteigen	langenscheidt_de_fa	https://de.langenscheidt.com/deutsch-persisch/umsteigen	Live three-layer evidence matched canonical sense.
MEN-A1-00076	anrufen	VERIFIED	duden_online	https://www.duden.de/rechtschreibung/anrufen	langenscheidt_de_en	https://de.langenscheidt.com/deutsch-englisch/anrufen	langenscheidt_de_fa	https://de.langenscheidt.com/deutsch-persisch/anrufen	Live three-layer evidence matched canonical sense.
MEN-A1-00077	einkaufen	VERIFIED	duden_online	https://www.duden.de/rechtschreibung/einkaufen	langenscheidt_de_en	https://de.langenscheidt.com/deutsch-englisch/einkaufen	langenscheidt_de_fa	https://de.langenscheidt.com/deutsch-persisch/einkaufen	Live three-layer evidence matched canonical sense.
MEN-A1-00078	fernsehen	VERIFIED	duden_online	https://www.duden.de/rechtschreibung/fernsehen	langenscheidt_de_en	https://de.langenscheidt.com/deutsch-englisch/fernsehen	langenscheidt_de_fa	https://de.langenscheidt.com/deutsch-persisch/fernsehen	Live three-layer evidence matched canonical sense.
MEN-A1-00079	mitbringen	VERIFIED	duden_online	https://www.duden.de/rechtschreibung/mitbringen	langenscheidt_de_en	https://de.langenscheidt.com/deutsch-englisch/mitbringen	wort_ir	https://wort.app/woerterbuch/deutsch-persisch/mitbringen	Bring/take along sense explicitly matched, including Persian.
MEN-A1-00080	nehmen	VERIFIED	duden_online	https://www.duden.de/rechtschreibung/nehmen	langenscheidt_de_en	https://de.langenscheidt.com/deutsch-englisch/nehmen	langenscheidt_de_fa	https://de.langenscheidt.com/deutsch-persisch/nehmen	Live three-layer evidence matched canonical sense.
MEN-A1-00081	durchsagen	VERIFIED	duden_online	https://www.duden.de/rechtschreibung/durchsagen	langenscheidt_de_en	https://de.langenscheidt.com/deutsch-englisch/durchsagen	wort_ir	https://wort.app/woerterbuch/deutsch-persisch/durchsagen	Announcement via loudspeaker/radio sense checked; Persian اعلان/به اطلاع عموم رساندن attested.
MEN-A1-00082	aus etw. schließen	VERIFIED	duden_online	https://www.duden.de/rechtschreibung/schlieszen	langenscheidt_de_en	https://de.langenscheidt.com/deutsch-englisch/schliessen	wort_ir	https://wort.app/woerterbuch/deutsch-persisch/schliessen	Inference sense explicitly checked: daraus schließen = conclude/infer; Persian نتیجه گرفتن/استنتاج کردن attested.
MEN-A1-00083	üben	VERIFIED	duden_online	https://www.duden.de/rechtschreibung/ueben_wiederholen_lernen_aneignen	langenscheidt_de_en	https://de.langenscheidt.com/deutsch-englisch/ueben	langenscheidt_de_fa	https://de.langenscheidt.com/deutsch-persisch/ueben	Practice/repeat-to-learn sense and hat geübt morphology checked.
MEN-A1-00084	aufräumen	VERIFIED	duden_online	https://www.duden.de/rechtschreibung/aufraeumen	langenscheidt_de_en	https://de.langenscheidt.com/deutsch-englisch/aufraeumen	langenscheidt_de_fa	https://de.langenscheidt.com/deutsch-persisch/aufraeumen	Tidy-up sense checked.
MEN-A1-00085	einladen	VERIFIED	duden_online	https://www.duden.de/rechtschreibung/einladen_spendieren	langenscheidt_de_en	https://de.langenscheidt.com/deutsch-englisch/einladen	langenscheidt_de_fa	https://de.langenscheidt.com/deutsch-persisch/einladen	Invite sense (not loading sense) checked against homonym-specific Duden entry.
MEN-A1-00086	jdn. zu etw. einladen	VERIFIED	duden_online	https://www.duden.de/rechtschreibung/einladen_spendieren	langenscheidt_de_en	https://de.langenscheidt.com/deutsch-englisch/einladen	langenscheidt_de_fa	https://de.langenscheidt.com/deutsch-persisch/einladen	jemanden zu etwas einladen construction explicitly attested.
MEN-A1-00087	lachen	VERIFIED	duden_online	https://www.duden.de/rechtschreibung/lachen_freuen	langenscheidt_de_en	https://de.langenscheidt.com/deutsch-englisch/lachen	wort_ir	https://wort.app/woerterbuch/deutsch-persisch/lachen	General laugh sense and hat gelacht checked.
MEN-A1-00088	über etw. lachen	VERIFIED	duden_online	https://www.duden.de/rechtschreibung/lachen_freuen	langenscheidt_de_en	https://de.langenscheidt.com/deutsch-englisch/lachen	wort_ir	https://wort.app/woerterbuch/deutsch-persisch/lachen	über jemanden/etwas lachen explicitly attested as laugh at; Persian به/از چیزی خندیدن attested.
MEN-A1-00089	lernen	VERIFIED	duden_online	https://www.duden.de/rechtschreibung/lernen	langenscheidt_de_en	https://de.langenscheidt.com/deutsch-englisch/lernen	langenscheidt_de_fa	https://de.langenscheidt.com/deutsch-persisch/lernen	Live three-layer evidence matched canonical sense.
MEN-A1-00090	reden	VERIFIED	duden_online	https://www.duden.de/rechtschreibung/reden	langenscheidt_de_en	https://de.langenscheidt.com/deutsch-englisch/reden	langenscheidt_de_fa	https://de.langenscheidt.com/deutsch-persisch/reden	Live three-layer evidence matched canonical sense.
MEN-A1-00091	schlafen	VERIFIED	duden_online	https://www.duden.de/rechtschreibung/schlafen	langenscheidt_de_en	https://de.langenscheidt.com/deutsch-englisch/schlafen	langenscheidt_de_fa	https://de.langenscheidt.com/deutsch-persisch/schlafen	Live three-layer evidence matched canonical sense.
MEN-A1-00092	weinen	VERIFIED	duden_online	https://www.duden.de/rechtschreibung/weinen	langenscheidt_de_en	https://de.langenscheidt.com/deutsch-englisch/weinen	wort_ir	https://wort.app/woerterbuch/deutsch-persisch/weinen	Cry/weinen sense and Persian گریه کردن explicitly checked.
MEN-A1-00093	tränen	VERIFIED	duden_online	https://www.duden.de/rechtschreibung/traenen	langenscheidt_de_en	https://de.langenscheidt.com/deutsch-englisch/traenen	langenscheidt_de_fa	https://de.langenscheidt.com/deutsch-persisch/traene	tränen = eyes water; Persian gloss composed from verified Träne = اشک plus the verified German verb sense.
MEN-A1-00094	denken	VERIFIED	duden_online	https://www.duden.de/rechtschreibung/denken	langenscheidt_de_en	https://de.langenscheidt.com/deutsch-englisch/denken	langenscheidt_de_fa	https://de.langenscheidt.com/deutsch-persisch/denken	General think sense checked.
MEN-A1-00095	an jdn./etw. denken	VERIFIED	duden_online	https://www.duden.de/rechtschreibung/denken	langenscheidt_de_en	https://de.langenscheidt.com/deutsch-englisch/denken	langenscheidt_de_fa	https://de.langenscheidt.com/deutsch-persisch/denken	an jemanden/etwas denken explicitly attested as think of/remember.
MEN-A1-00096	meinen	VERIFIED	duden_online	https://www.duden.de/rechtschreibung/meinen	langenscheidt_de_en	https://de.langenscheidt.com/deutsch-englisch/meinen	langenscheidt_de_fa	https://de.langenscheidt.com/deutsch-persisch/meinen	Mean/think sense checked.
MEN-A1-00097	fliegen	VERIFIED	duden_online	https://www.duden.de/rechtschreibung/fliegen	langenscheidt_de_en	https://de.langenscheidt.com/deutsch-englisch/fliegen	langenscheidt_de_fa	https://de.langenscheidt.com/deutsch-persisch/fliegen	Fly/travel by air sense checked.
MEN-A1-00098	springen	VERIFIED	duden_online	https://www.duden.de/rechtschreibung/springen	langenscheidt_de_en	https://de.langenscheidt.com/deutsch-englisch/springen	wort_ir	https://wort.app/woerterbuch/deutsch-persisch/springen	Jump/leap motion sense and sein auxiliary checked; Persian پریدن/جهیدن attested.
MEN-A1-00099	bei jdm. studieren	VERIFIED	duden_online	https://www.duden.de/rechtschreibung/studieren	langenscheidt_de_en	https://de.langenscheidt.com/deutsch-englisch/studieren	langenscheidt_de_fa	https://de.langenscheidt.com/deutsch-persisch/studieren	bei Prof. X studieren explicitly attested as study under Professor X.
MEN-A1-00100	feiern	VERIFIED	duden_online	https://www.duden.de/rechtschreibung/feiern	langenscheidt_de_en	https://de.langenscheidt.com/deutsch-englisch/feiern	langenscheidt_de_fa	https://de.langenscheidt.com/deutsch-persisch/feiern	Celebrate sense checked.
MEN-A1-00101	anfangen	VERIFIED	duden_online	https://www.duden.de/rechtschreibung/anfangen	langenscheidt_de_en	https://de.langenscheidt.com/deutsch-englisch/anfangen	langenscheidt_de_fa	https://de.langenscheidt.com/deutsch-persisch/anfangen	Live three-layer evidence matched canonical sense.
MEN-A1-00102	mit etw. anfangen	VERIFIED	duden_online	https://www.duden.de/rechtschreibung/anfangen	langenscheidt_de_en	https://de.langenscheidt.com/deutsch-englisch/anfangen	langenscheidt_de_fa	https://de.langenscheidt.com/deutsch-persisch/anfangen	mit etwas anfangen covered by the live lexical entry.
MEN-A1-00103	aufhören	VERIFIED	duden_online	https://www.duden.de/rechtschreibung/aufhoeren	langenscheidt_de_en	https://de.langenscheidt.com/deutsch-englisch/aufhoeren	langenscheidt_de_fa	https://de.langenscheidt.com/deutsch-persisch/aufhoeren	Stop/cease sense checked.
MEN-A1-00104	mit etw. aufhören	VERIFIED	duden_online	https://www.duden.de/rechtschreibung/aufhoeren	langenscheidt_de_en	https://de.langenscheidt.com/deutsch-englisch/aufhoeren	langenscheidt_de_fa	https://de.langenscheidt.com/deutsch-persisch/aufhoeren	mit etwas aufhören construction checked.
MEN-A1-00105	dauern	VERIFIED	duden_online	https://www.duden.de/rechtschreibung/dauern_waehren	langenscheidt_de_en	https://de.langenscheidt.com/deutsch-englisch/dauern	langenscheidt_de_fa	https://de.langenscheidt.com/deutsch-persisch/dauern	Duration/währen sense selected, excluding the homonymous 'leidtun' entry.
MEN-A1-00106	gefallen	VERIFIED	duden_online	https://www.duden.de/rechtschreibung/gefallen_reizen_begeistern	langenscheidt_de_en	https://de.langenscheidt.com/deutsch-englisch/gefallen	langenscheidt_de_fa	https://de.langenscheidt.com/deutsch-persisch/gefallen	Please/appeal sense and gefällt, gefiel, hat gefallen checked.
MEN-A1-00107	geben	VERIFIED	duden_online	https://www.duden.de/rechtschreibung/geben	langenscheidt_de_en	https://de.langenscheidt.com/deutsch-englisch/geben	langenscheidt_de_fa	https://de.langenscheidt.com/deutsch-persisch/geben	Live three-layer evidence matched canonical sense.
MEN-A1-00108	stattfinden	VERIFIED	duden_online	https://www.duden.de/rechtschreibung/stattfinden	langenscheidt_de_en	https://de.langenscheidt.com/deutsch-englisch/stattfinden	langenscheidt_de_fa	https://de.langenscheidt.com/deutsch-persisch/stattfinden	Live three-layer evidence matched canonical sense.
MEN-A1-00109	beschreiben	VERIFIED	duden_online	https://www.duden.de/rechtschreibung/beschreiben	langenscheidt_de_en	https://de.langenscheidt.com/deutsch-englisch/beschreiben	langenscheidt_de_fa	https://de.langenscheidt.com/deutsch-persisch/beschreiben	Live three-layer evidence matched canonical sense.
MEN-A1-00110	abbiegen	VERIFIED	duden_online	https://www.duden.de/rechtschreibung/abbiegen	langenscheidt_de_en	https://de.langenscheidt.com/deutsch-englisch/abbiegen	langenscheidt_de_fa	https://de.langenscheidt.com/deutsch-persisch/abbiegen	Live three-layer evidence matched canonical sense.
MEN-A1-00111	weiterfahren	VERIFIED	duden_online	https://www.duden.de/rechtschreibung/weiterfahren	langenscheidt_de_en	https://de.langenscheidt.com/deutsch-englisch/weiterfahren	wort_ir	https://wort.app/woerterbuch/deutsch-persisch/weiterfahren	Continue journey/driving sense and ist weitergefahren checked; Persian ادامهٔ راه/سفر attested.
MEN-A1-00112	wenden	VERIFIED	duden_online	https://www.duden.de/rechtschreibung/wenden	langenscheidt_de_en	https://de.langenscheidt.com/deutsch-englisch/wenden	wort_ir	https://wort.app/woerterbuch/deutsch-persisch/wenden	Live three-layer evidence matched canonical sense.
MEN-A1-00113	zurückfahren	VERIFIED	duden_online	https://www.duden.de/rechtschreibung/zurueckfahren	langenscheidt_de_en	https://de.langenscheidt.com/deutsch-englisch/zurueckfahren	langenscheidt_de_fa	https://de.langenscheidt.com/deutsch-persisch/zurueckfahren	Return by vehicle sense checked.
MEN-A1-00114	anmachen	VERIFIED	duden_online	https://www.duden.de/rechtschreibung/anmachen	langenscheidt_de_en	https://de.langenscheidt.com/deutsch-englisch/anmachen	langenscheidt_de_fa	https://de.langenscheidt.com/deutsch-persisch/anmachen	Switch-on sense checked against polysemous entry.
MEN-A1-00115	ausmachen	VERIFIED	duden_online	https://www.duden.de/rechtschreibung/ausmachen	langenscheidt_de_en	https://de.langenscheidt.com/deutsch-englisch/ausmachen	langenscheidt_de_fa	https://de.langenscheidt.com/deutsch-persisch/ausmachen	Switch-off sense checked against polysemous entry.
MEN-A1-00116	einschalten	VERIFIED	duden_online	https://www.duden.de/rechtschreibung/einschalten	langenscheidt_de_en	https://de.langenscheidt.com/deutsch-englisch/einschalten	langenscheidt_de_fa	https://de.langenscheidt.com/deutsch-persisch/einschalten	Electrical switch-on sense checked.
MEN-A1-00117	ausschalten	VERIFIED	duden_online	https://www.duden.de/rechtschreibung/ausschalten	langenscheidt_de_en	https://de.langenscheidt.com/deutsch-englisch/ausschalten	langenscheidt_de_fa	https://de.langenscheidt.com/deutsch-persisch/ausschalten	Electrical switch-off sense checked.
MEN-A1-00118	stimmen	VERIFIED	duden_online	https://www.duden.de/rechtschreibung/stimmen	langenscheidt_de_en	https://de.langenscheidt.com/deutsch-englisch/stimmen	langenscheidt_de_fa	https://de.langenscheidt.com/deutsch-persisch/stimmen	Correct/be-right sense checked.
MEN-A1-00119	für jdn./etw. stimmen	VERIFIED	duden_online	https://www.duden.de/rechtschreibung/stimmen	langenscheidt_de_en	https://de.langenscheidt.com/deutsch-englisch/stimmen	langenscheidt_de_fa	https://de.langenscheidt.com/deutsch-persisch/stimmen	Voting sense checked for für jemanden/etwas stimmen.
MEN-A1-00120	bestimmen	VERIFIED	duden_online	https://www.duden.de/rechtschreibung/bestimmen	langenscheidt_de_en	https://de.langenscheidt.com/deutsch-englisch/bestimmen	langenscheidt_de_fa	https://de.langenscheidt.com/deutsch-persisch/bestimmen	Determine/decide sense checked.
MEN-A1-00121	schauen	VERIFIED	duden_online	https://www.duden.de/rechtschreibung/schauen	langenscheidt_de_en	https://de.langenscheidt.com/deutsch-englisch/schauen	langenscheidt_de_fa	https://de.langenscheidt.com/deutsch-persisch/schauen	Look/watch sense checked.
MEN-A1-00122	vermieten	VERIFIED	duden_online	https://www.duden.de/rechtschreibung/vermieten	langenscheidt_de_en	https://de.langenscheidt.com/deutsch-englisch/vermieten	langenscheidt_de_fa	https://de.langenscheidt.com/deutsch-persisch/vermieten	Rent-out/let sense checked.
MEN-A1-00123	mieten	VERIFIED	duden_online	https://www.duden.de/rechtschreibung/mieten_nutzen	langenscheidt_de_en	https://de.langenscheidt.com/deutsch-englisch/mieten	langenscheidt_de_fa	https://de.langenscheidt.com/deutsch-persisch/mieten	Rent/hire use sense selected, excluding the homonymous storage sense.
MEN-A1-00124	erzählen	VERIFIED	duden_online	https://www.duden.de/rechtschreibung/erzaehlen	langenscheidt_de_en	https://de.langenscheidt.com/deutsch-englisch/erzaehlen	wort_ir	https://wort.app/woerterbuch/deutsch-persisch/erzaehlen	Tell/narrate/report sense checked; Persian تعریف کردن/حکایت کردن attested.
MEN-A1-00125	anbieten	VERIFIED	duden_online	https://www.duden.de/rechtschreibung/anbieten	langenscheidt_de_en	https://de.langenscheidt.com/deutsch-englisch/anbieten	langenscheidt_de_fa	https://de.langenscheidt.com/deutsch-persisch/anbieten	Offer sense checked.
MEN-A1-00126	in jdn. dringen	VERIFIED	duden_online	https://www.duden.de/rechtschreibung/dringen	langenscheidt_de_en	https://de.langenscheidt.com/deutsch-englisch/dringen	langenscheidt_de_fa	https://de.langenscheidt.com/deutsch-persisch/draengen	in jemanden dringen with Bitten/Fragen = press/urge; elevated usage and sein-Perfekt checked; Persian pressure/insistence wording matched.
MEN-A1-00127	verstecken	VERIFIED	duden_online	https://www.duden.de/rechtschreibung/verstecken	langenscheidt_de_en	https://de.langenscheidt.com/deutsch-englisch/verstecken	langenscheidt_de_fa	https://de.langenscheidt.com/deutsch-persisch/verstecken	Transitive hide/conceal sense checked.
MEN-A1-00128	sich verstecken	VERIFIED	duden_online	https://www.duden.de/rechtschreibung/verstecken	langenscheidt_de_en	https://de.langenscheidt.com/deutsch-englisch/verstecken	langenscheidt_de_fa	https://de.langenscheidt.com/deutsch-persisch/verstecken	Reflexive sich verstecken explicitly checked.
MEN-A1-00129	sich vor jdm./etw. verstecken	VERIFIED	duden_online	https://www.duden.de/rechtschreibung/verstecken	langenscheidt_de_en	https://de.langenscheidt.com/deutsch-englisch/verstecken	langenscheidt_de_fa	https://de.langenscheidt.com/deutsch-persisch/verstecken	sich vor jemandem verstecken explicitly attested in Duden and English entry.
MEN-A1-00130	bewerten	VERIFIED	duden_online	https://www.duden.de/rechtschreibung/bewerten	langenscheidt_de_en	https://de.langenscheidt.com/deutsch-englisch/bewerten	langenscheidt_de_fa	https://de.langenscheidt.com/deutsch-persisch/bewerten	Evaluate/rate sense checked.
MEN-A1-00131	jdm. gehören	VERIFIED	duden_online	https://www.duden.de/rechtschreibung/gehoeren	langenscheidt_de_en	https://de.langenscheidt.com/deutsch-englisch/gehoeren	langenscheidt_de_fa	https://de.langenscheidt.com/deutsch-persisch/gehoeren	Belong-to/Dative sense checked.
MEN-A1-00132	jdm. danken	VERIFIED	duden_online	https://www.duden.de/rechtschreibung/danken	langenscheidt_de_en	https://de.langenscheidt.com/deutsch-englisch/danken	langenscheidt_de_fa	https://de.langenscheidt.com/deutsch-persisch/danken	Thank someone/Dative sense checked.
MEN-A1-00133	fällen	VERIFIED	duden_online	https://www.duden.de/rechtschreibung/faellen	langenscheidt_de_en	https://de.langenscheidt.com/deutsch-englisch/faellen	wort_ir	https://wort.app/fa/woerterbuch/deutsch-persisch/faellen	Tree-felling sense explicitly matched in Persian evidence.
MEN-A1-00134	hinkommen	VERIFIED	duden_online	https://www.duden.de/rechtschreibung/hinkommen	langenscheidt_de_en	https://de.langenscheidt.com/deutsch-englisch/hinkommen	wort_ir	https://wort.app/fa/woerterbuch/deutsch-persisch/hinkommen	Get/come there sense and sein auxiliary checked.
MEN-A1-00135	vergleichen	VERIFIED	duden_online	https://www.duden.de/rechtschreibung/vergleichen	langenscheidt_de_en	https://de.langenscheidt.com/deutsch-englisch/vergleichen	langenscheidt_de_fa	https://de.langenscheidt.com/deutsch-persisch/vergleichen	Compare sense checked.
MEN-A1-00136	sich mit jdm./etw. vergleichen	VERIFIED	duden_online	https://www.duden.de/rechtschreibung/vergleichen	langenscheidt_de_en	https://de.langenscheidt.com/deutsch-englisch/vergleichen	langenscheidt_de_fa	https://de.langenscheidt.com/deutsch-persisch/vergleichen	Reflexive compare oneself with construction checked.
MEN-A1-00137	hinfahren	VERIFIED	duden_online	https://www.duden.de/rechtschreibung/hinfahren	langenscheidt_de_en	https://de.langenscheidt.com/deutsch-englisch/hinfahren	wort_ir	https://wort.app/woerterbuch/deutsch-persisch/hinfahren	Go/drive to a place sense with sein auxiliary checked; Persian سواره به جایی رفتن attested.
MEN-A1-00138	jdm. Bescheid sagen / geben	VERIFIED	duden_online	https://www.duden.de/rechtschreibung/Bescheid	langenscheidt_de_en	https://de.langenscheidt.com/deutsch-englisch/bescheid	langenscheidt_de_fa	https://de.langenscheidt.com/deutsch-persisch/bescheid	Bescheid sagen/geben learner redemittel checked as a phrase-family unit.
MEN-A1-00139	bringen	VERIFIED	duden_online	https://www.duden.de/rechtschreibung/bringen	langenscheidt_de_en	https://de.langenscheidt.com/deutsch-englisch/bringen	langenscheidt_de_fa	https://de.langenscheidt.com/deutsch-persisch/bringen	Bring/take sense checked.
MEN-A1-00140	funktionieren	VERIFIED	duden_online	https://www.duden.de/rechtschreibung/funktionieren	langenscheidt_de_en	https://de.langenscheidt.com/deutsch-englisch/funktionieren	langenscheidt_de_fa	https://de.langenscheidt.com/deutsch-persisch/funktionieren	Work/function sense checked.
MEN-A1-00141	sich entspannen	VERIFIED	duden_online	https://www.duden.de/rechtschreibung/entspannen	langenscheidt_de_en	https://de.langenscheidt.com/deutsch-englisch/entspannen	langenscheidt_de_fa	https://de.langenscheidt.com/deutsch-persisch/entspannen	Reflexive relax sense checked.
MEN-A1-00142	wollen	VERIFIED	duden_online	https://www.duden.de/rechtschreibung/wollen_moechten_wuenschen	langenscheidt_de_en	https://de.langenscheidt.com/deutsch-englisch/wollen	wort_ir	https://wort.app/woerterbuch/deutsch-persisch/wollen	Modal intention/desire sense checked; Persian خواستن explicitly attested.
MEN-A1-00143	komponieren	VERIFIED	duden_online	https://www.duden.de/rechtschreibung/komponieren	langenscheidt_de_en	https://de.langenscheidt.com/deutsch-englisch/komponieren	wort_ir	https://wort.app/woerterbuch/deutsch-persisch/komponieren	Compose music sense checked; Persian آهنگ ساختن explicitly attested.
MEN-A1-00144	heiraten	VERIFIED	duden_online	https://www.duden.de/rechtschreibung/heiraten	langenscheidt_de_en	https://de.langenscheidt.com/deutsch-englisch/heiraten	wort_ir	https://wort.app/woerterbuch/deutsch-persisch/heiraten	Marry/get married sense and hat geheiratet morphology checked; Persian ازدواج کردن attested.
MEN-A1-00145	laufen	VERIFIED	duden_online	https://www.duden.de/rechtschreibung/laufen	langenscheidt_de_en	https://de.langenscheidt.com/deutsch-englisch/laufen	langenscheidt_de_fa	https://de.langenscheidt.com/deutsch-persisch/laufen	Run/walk motion sense checked.
MEN-A1-00146	rennen	VERIFIED	duden_online	https://www.duden.de/rechtschreibung/rennen	langenscheidt_de_en	https://de.langenscheidt.com/deutsch-englisch/rennen	wort_ir	https://wort.app/woerterbuch/deutsch-persisch/rennen	Run fast sense checked; Langenscheidt explicitly gives run/rush/dash/tear, Persian دویدن/به سرعت دویدن.
MEN-A1-00147	reisen	VERIFIED	duden_online	https://www.duden.de/rechtschreibung/reisen	langenscheidt_de_en	https://de.langenscheidt.com/deutsch-englisch/reisen	wort_ir	https://wort.app/woerterbuch/deutsch-persisch/reisen	Travel/journey sense and sein auxiliary checked; Persian سفر/مسافرت کردن.
MEN-A1-00148	steigen	VERIFIED	duden_online	https://www.duden.de/rechtschreibung/steigen	langenscheidt_de_en	https://de.langenscheidt.com/deutsch-englisch/steigen	langenscheidt_de_fa	https://de.langenscheidt.com/deutsch-persisch/steigen	Rise/climb sense and sein auxiliary checked.
MEN-A1-00149	husten	VERIFIED	duden_online	https://www.duden.de/rechtschreibung/husten	langenscheidt_de_en	https://de.langenscheidt.com/deutsch-englisch/husten	langenscheidt_de_fa	https://de.langenscheidt.com/deutsch-persisch/husten	Cough sense checked.
MEN-A1-00150	einnehmen	VERIFIED	duden_online	https://www.duden.de/rechtschreibung/einnehmen	langenscheidt_de_en	https://de.langenscheidt.com/deutsch-englisch/einnehmen	langenscheidt_de_fa	https://de.langenscheidt.com/deutsch-persisch/einnehmen	Medication-taking sense checked against polysemous entry.
MEN-A1-00151	wehtun	VERIFIED	duden_online	https://www.duden.de/rechtschreibung/wehtun	langenscheidt_de_en	https://de.langenscheidt.com/deutsch-englisch/wehtun	langenscheidt_de_fa	https://de.langenscheidt.com/deutsch-persisch/wehtun	Pain/hurt sense checked.
MEN-A1-00152	bleiben	VERIFIED	duden_online	https://www.duden.de/rechtschreibung/bleiben	langenscheidt_de_en	https://de.langenscheidt.com/deutsch-englisch/bleiben	langenscheidt_de_fa	https://de.langenscheidt.com/deutsch-persisch/bleiben	General stay/remain sense and sein auxiliary checked.
MEN-A1-00153	bei jdm./etw. bleiben	VERIFIED	duden_online	https://www.duden.de/rechtschreibung/bleiben	langenscheidt_de_en	https://de.langenscheidt.com/deutsch-englisch/bleiben	langenscheidt_de_fa	https://de.langenscheidt.com/deutsch-persisch/bleiben	bei jemandem/etwas bleiben sense checked within the live bleiben entry.
MEN-A1-00154	sollen	VERIFIED	duden_online	https://www.duden.de/rechtschreibung/sollen	langenscheidt_de_en	https://de.langenscheidt.com/deutsch-englisch/sollen	langenscheidt_de_fa	https://de.langenscheidt.com/deutsch-persisch/sollen	Modal obligation/recommendation/expectation sense checked.
MEN-A1-00155	niesen	VERIFIED	duden_online	https://www.duden.de/rechtschreibung/niesen	langenscheidt_de_en	https://de.langenscheidt.com/deutsch-englisch/niesen	wort_ir	https://wort.app/woerterbuch/deutsch-persisch/niesen	Sneeze sense and hat geniest checked; Persian عطسه کردن explicitly attested.
MEN-A1-00156	vorkommen	VERIFIED	duden_online	https://www.duden.de/rechtschreibung/vorkommen	langenscheidt_de_en	https://de.langenscheidt.com/deutsch-englisch/vorkommen	langenscheidt_de_fa	https://de.langenscheidt.com/deutsch-persisch/vorkommen	Occurrence/existence sense checked; Persian اتفاق افتادن / وجود داشتن explicitly attested.
MEN-A1-00157	an jdn./etw. glauben	VERIFIED	duden_online	https://www.duden.de/rechtschreibung/glauben	langenscheidt_de_en	https://de.langenscheidt.com/deutsch-englisch/glauben	langenscheidt_de_fa	https://de.langenscheidt.com/deutsch-persisch/glauben	an jemanden/etwas glauben explicitly attested as believe in / have faith in.
MEN-A1-00158	jdm. glauben	VERIFIED	duden_online	https://www.duden.de/rechtschreibung/glauben	langenscheidt_de_en	https://de.langenscheidt.com/deutsch-englisch/glauben	langenscheidt_de_fa	https://de.langenscheidt.com/deutsch-persisch/glauben	jemandem glauben Dative construction checked as believing what someone says.
MEN-A1-00159	rülpsen	VERIFIED	duden_online	https://www.duden.de/rechtschreibung/ruelpsen	langenscheidt_de_en	https://de.langenscheidt.com/deutsch-englisch/ruelpsen	langenscheidt_de_fa	https://de.langenscheidt.com/deutsch-persisch/ruelpsen	Burp/belch sense checked; Persian آروغ زدن explicitly attested.
MEN-A1-00160	aussuchen	VERIFIED	duden_online	https://www.duden.de/rechtschreibung/aussuchen	langenscheidt_de_en	https://de.langenscheidt.com/deutsch-englisch/aussuchen	langenscheidt_de_fa	https://de.langenscheidt.com/deutsch-persisch/aussuchen	Choose/pick out sense checked; Persian انتخاب کردن explicitly attested.
MEN-A1-00161	aussehen	VERIFIED	duden_online	https://www.duden.de/rechtschreibung/aussehen	langenscheidt_de_en	https://de.langenscheidt.com/deutsch-englisch/aussehen	langenscheidt_de_fa	https://de.langenscheidt.com/deutsch-persisch/aussehen	Look/appear sense and separable morphology checked.
MEN-A1-00162	sich beschweren	VERIFIED	duden_online	https://www.duden.de/rechtschreibung/beschweren	langenscheidt_de_en	https://de.langenscheidt.com/deutsch-englisch/beschweren	langenscheidt_de_fa	https://de.langenscheidt.com/deutsch-persisch/beschweren	Reflexive complain sense checked.
MEN-A1-00163	sich bei jdm. beschweren	VERIFIED	duden_online	https://www.duden.de/rechtschreibung/beschweren	langenscheidt_de_en	https://de.langenscheidt.com/deutsch-englisch/beschweren	langenscheidt_de_fa	https://de.langenscheidt.com/deutsch-persisch/beschweren	sich bei jemandem beschweren construction checked.
MEN-A1-00164	sich über jdn./etw. beschweren	VERIFIED	duden_online	https://www.duden.de/rechtschreibung/beschweren	langenscheidt_de_en	https://de.langenscheidt.com/deutsch-englisch/beschweren	langenscheidt_de_fa	https://de.langenscheidt.com/deutsch-persisch/beschweren	sich über jemanden/etwas beschweren construction explicitly checked.
MEN-A1-00165	gebären	VERIFIED	duden_online	https://www.duden.de/rechtschreibung/gebaeren	langenscheidt_de_en	https://de.langenscheidt.com/deutsch-englisch/gebaeren	wort_ir	https://wort.app/woerterbuch/deutsch-persisch/gebaeren	Give-birth sense and morphology checked; Persian به دنیا آوردن / زاییدن / وضع حمل کردن explicitly attested.
MEN-A1-00166	vergessen	VERIFIED	duden_online	https://www.duden.de/rechtschreibung/vergessen_Verb_nicht_erinnern	langenscheidt_de_en	https://de.langenscheidt.com/deutsch-englisch/vergessen	langenscheidt_de_fa	https://de.langenscheidt.com/deutsch-persisch/vergessen	Forget/leave-behind sense and vergisst, vergaß, hat vergessen checked.
MEN-A1-00167	erkennen	VERIFIED	duden_online	https://www.duden.de/rechtschreibung/erkennen	langenscheidt_de_en	https://de.langenscheidt.com/deutsch-englisch/erkennen	langenscheidt_de_fa	https://de.langenscheidt.com/deutsch-persisch/erkennen	Recognize/identify sense checked.
MEN-A1-00168	etw. an etw. erkennen	VERIFIED	duden_online	https://www.duden.de/rechtschreibung/erkennen	langenscheidt_de_en	https://de.langenscheidt.com/deutsch-englisch/erkennen	langenscheidt_de_fa	https://de.langenscheidt.com/deutsch-persisch/erkennen	Recognition by a feature explicitly attested: jemanden/einen Vogel an ... erkennen.
MEN-A1-00169	entschuldigen	VERIFIED	duden_online	https://www.duden.de/rechtschreibung/entschuldigen	langenscheidt_de_en	https://de.langenscheidt.com/deutsch-englisch/entschuldigen	langenscheidt_de_fa	https://de.langenscheidt.com/deutsch-persisch/entschuldigen	Transitive excuse/forgive sense checked.
MEN-A1-00170	sich entschuldigen	VERIFIED	duden_online	https://www.duden.de/rechtschreibung/entschuldigen	langenscheidt_de_en	https://de.langenscheidt.com/deutsch-englisch/entschuldigen	langenscheidt_de_fa	https://de.langenscheidt.com/deutsch-persisch/entschuldigen	Reflexive apologize sense checked.
MEN-A1-00171	sich bei jdm. entschuldigen	VERIFIED	duden_online	https://www.duden.de/rechtschreibung/entschuldigen	langenscheidt_de_en	https://de.langenscheidt.com/deutsch-englisch/entschuldigen	langenscheidt_de_fa	https://de.langenscheidt.com/deutsch-persisch/entschuldigen	sich bei jemandem entschuldigen explicitly attested.
MEN-A1-00172	sich für etw. entschuldigen	VERIFIED	duden_online	https://www.duden.de/rechtschreibung/entschuldigen	langenscheidt_de_en	https://de.langenscheidt.com/deutsch-englisch/entschuldigen	langenscheidt_de_fa	https://de.langenscheidt.com/deutsch-persisch/entschuldigen	sich für etwas entschuldigen explicitly attested.
MEN-A1-00173	lügen	VERIFIED	duden_online	https://www.duden.de/rechtschreibung/luegen	langenscheidt_de_en	https://de.langenscheidt.com/deutsch-englisch/luegen	langenscheidt_de_fa	https://de.langenscheidt.com/deutsch-persisch/luegen	Lie/tell an untruth sense checked; Persian دروغ گفتن explicitly attested.
MEN-A1-00174	jdm. zu etw. raten	CORRECTED_VERIFIED	duden_online	https://www.duden.de/rechtschreibung/raten_Rat_geben	langenscheidt_de_en	https://de.langenscheidt.com/deutsch-englisch/raten	langenscheidt_de_fa	https://de.langenscheidt.com/deutsch-persisch/raten	CORRECTED_VERIFIED: narrowed from mixed guess/advice senses to source-attested Dative advice construction.
MEN-A1-00175	reagieren	VERIFIED	duden_online	https://www.duden.de/rechtschreibung/reagieren	langenscheidt_de_en	https://de.langenscheidt.com/deutsch-englisch/reagieren	langenscheidt_de_fa	https://de.langenscheidt.com/deutsch-persisch/reagieren	General react/respond sense checked.
MEN-A1-00176	auf etw. reagieren	VERIFIED	duden_online	https://www.duden.de/rechtschreibung/reagieren	langenscheidt_de_en	https://de.langenscheidt.com/deutsch-englisch/reagieren	langenscheidt_de_fa	https://de.langenscheidt.com/deutsch-persisch/reagieren	auf + Akkusativ explicitly attested by Duden and German-Persian evidence.
MEN-A1-00177	abtrocknen	VERIFIED	duden_online	https://www.duden.de/rechtschreibung/abtrocknen	langenscheidt_de_en	https://de.langenscheidt.com/deutsch-englisch/abtrocknen	wort_ir	https://wort.app/woerterbuch/deutsch-persisch/abtrocknen	Transitive dry/wipe-dry sense checked.
MEN-A1-00178	sich abtrocknen	VERIFIED	duden_online	https://www.duden.de/rechtschreibung/abtrocknen	langenscheidt_de_en	https://de.langenscheidt.com/deutsch-englisch/abtrocknen	wort_ir	https://wort.app/woerterbuch/deutsch-persisch/abtrocknen	Reflexive sich abtrocknen explicitly attested as dry oneself / خود را خشک کردن.
MEN-A1-00179	abwaschen	VERIFIED	duden_online	https://www.duden.de/rechtschreibung/abwaschen	langenscheidt_de_en	https://de.langenscheidt.com/deutsch-englisch/abwaschen	langenscheidt_de_fa	https://de.langenscheidt.com/deutsch-persisch/abwaschen	Dish/object washing sense checked.
MEN-A1-00180	spülen	VERIFIED	duden_online	https://www.duden.de/rechtschreibung/spuelen	langenscheidt_de_en	https://de.langenscheidt.com/deutsch-englisch/spuelen	langenscheidt_de_fa	https://de.langenscheidt.com/deutsch-persisch/spuelen	Rinse/wash-with-liquid sense checked.
MEN-A1-00181	zumachen	VERIFIED	duden_online	https://www.duden.de/rechtschreibung/zumachen	langenscheidt_de_en	https://de.langenscheidt.com/deutsch-englisch/zumachen	langenscheidt_de_fa	https://de.langenscheidt.com/deutsch-persisch/zumachen	Close/shut sense and separable morphology checked.
MEN-A1-00182	aufmachen	VERIFIED	duden_online	https://www.duden.de/rechtschreibung/aufmachen	langenscheidt_de_en	https://de.langenscheidt.com/deutsch-englisch/aufmachen	langenscheidt_de_fa	https://de.langenscheidt.com/deutsch-persisch/aufmachen	Open sense and separable morphology checked.
MEN-A1-00183	sich aufmachen	VERIFIED	duden_online	https://www.duden.de/rechtschreibung/aufmachen	langenscheidt_de_en	https://de.langenscheidt.com/deutsch-englisch/aufmachen	wort_ir	https://wort.app/woerterbuch/deutsch-persisch/aufmachen	Reflexive set-off construction explicitly attested: sich auf den Weg machen / به راه افتادن.
MEN-A1-00184	runterkommen	VERIFIED	duden_online	https://www.duden.de/rechtschreibung/runterkommen	langenscheidt_de_en	https://de.langenscheidt.com/deutsch-englisch/runterkommen	langenscheidt_de_fa	https://de.langenscheidt.com/deutsch-persisch/runterkommen	Colloquial come-down sense checked; Persian پایین آمدن explicitly attested.
MEN-A1-00185	heraufkommen	VERIFIED	duden_online	https://www.duden.de/rechtschreibung/heraufkommen	langenscheidt_de_en	https://de.langenscheidt.com/deutsch-englisch/heraufkommen	wort_ir	https://wort.app/woerterbuch/deutsch-persisch/heraufkommen	Come up from below sense checked; Langenscheidt gives come up and sein, Persian بالا آمدن.
MEN-A1-00186	rausbringen	VERIFIED	duden_online	https://www.duden.de/rechtschreibung/rausbringen	langenscheidt_de_en	https://de.langenscheidt.com/deutsch-englisch/herausbringen	langenscheidt_de_fa	https://de.langenscheidt.com/deutsch-persisch/bringen	Colloquial rausbringen = hinaus/herausbringen; take/bring out sense and hat rausgebracht checked.
MEN-A1-00187	abräumen	VERIFIED	duden_online	https://www.duden.de/rechtschreibung/abraeumen	langenscheidt_de_en	https://de.langenscheidt.com/deutsch-englisch/abraeumen	langenscheidt_de_fa	https://de.langenscheidt.com/deutsch-persisch/abraeumen	Clear table/dishes away sense checked; Persian میز را جمع کردن attested.
MEN-A1-00188	ausräumen	VERIFIED	duden_online	https://www.duden.de/rechtschreibung/ausraeumen	langenscheidt_de_en	https://de.langenscheidt.com/deutsch-englisch/ausraeumen	langenscheidt_de_fa	https://de.langenscheidt.com/deutsch-persisch/ausraeumen	Empty/clear-out sense checked; Persian خالی کردن attested.
MEN-A1-00189	decken	VERIFIED	duden_online	https://www.duden.de/rechtschreibung/decken	langenscheidt_de_en	https://de.langenscheidt.com/deutsch-englisch/decken	langenscheidt_de_fa	https://de.langenscheidt.com/deutsch-persisch/decken	Live three-layer evidence matched canonical sense.
MEN-A1-00190	bügeln	VERIFIED	duden_online	https://www.duden.de/rechtschreibung/buegeln	langenscheidt_de_en	https://de.langenscheidt.com/deutsch-englisch/buegeln	wort_ir	https://wort.app/woerterbuch/deutsch-persisch/buegeln	Iron-clothes sense checked; Persian اتو کردن.
MEN-A1-00191	wischen	VERIFIED	duden_online	https://www.duden.de/rechtschreibung/wischen	langenscheidt_de_en	https://de.langenscheidt.com/deutsch-englisch/wischen	wort_ir	https://wort.app/woerterbuch/deutsch-persisch/wischen	Live three-layer evidence matched canonical sense.
MEN-A1-00192	staubsaugen	CORRECTED_VERIFIED	duden_online	https://www.duden.de/rechtschreibung/staubsaugen	langenscheidt_de_en	https://de.langenscheidt.com/deutsch-englisch/staubsaugen	wort_ir	https://wort.app/woerterbuch/deutsch-persisch/staubsaugen	Corrected current standard Perfekt from hat staubgesaugt to hat gestaubsaugt per Duden.
MEN-A1-00193	reinkommen	VERIFIED	duden_online	https://www.duden.de/rechtschreibung/reinkommen	langenscheidt_de_en	https://de.langenscheidt.com/deutsch-englisch/reinkommen	langenscheidt_de_fa	https://de.langenscheidt.com/deutsch-persisch/kommen	Come-in sense and sein auxiliary checked; Persian آمدن/رسیدن + inward direction matched.
MEN-A1-00194	hassen	VERIFIED	duden_online	https://www.duden.de/rechtschreibung/hassen	langenscheidt_de_en	https://de.langenscheidt.com/deutsch-englisch/hassen	wort_ir	https://wort.app/woerterbuch/deutsch-persisch/hassen	Live three-layer evidence matched canonical sense.
MEN-A1-00195	wählen	VERIFIED	duden_online	https://www.duden.de/rechtschreibung/waehlen	langenscheidt_de_en	https://de.langenscheidt.com/deutsch-englisch/waehlen	wort_ir	https://wort.app/woerterbuch/deutsch-persisch/waehlen	Live three-layer evidence matched canonical sense.
MEN-A1-00196	achten	VERIFIED	duden_online	https://www.duden.de/rechtschreibung/achten	langenscheidt_de_en	https://de.langenscheidt.com/deutsch-englisch/achten	wort_ir	https://wort.app/woerterbuch/deutsch-persisch/achten	Live three-layer evidence matched canonical sense.
MEN-A1-00197	hupen	VERIFIED	duden_online	https://www.duden.de/rechtschreibung/hupen	langenscheidt_de_en	https://de.langenscheidt.com/deutsch-englisch/hupen	wort_ir	https://wort.app/woerterbuch/deutsch-persisch/hupen	Vehicle horn/honk sense checked; Persian بوق زدن.
MEN-A1-00198	parken	VERIFIED	duden_online	https://www.duden.de/rechtschreibung/parken	langenscheidt_de_en	https://de.langenscheidt.com/deutsch-englisch/parken	wort_ir	https://wort.app/woerterbuch/deutsch-persisch/parken	Live three-layer evidence matched canonical sense.
MEN-A1-00199	borgen	VERIFIED	duden_online	https://www.duden.de/rechtschreibung/borgen	langenscheidt_de_en	https://de.langenscheidt.com/deutsch-englisch/borgen	wort_ir	https://wort.app/woerterbuch/deutsch-persisch/borgen	Live three-layer evidence matched canonical sense.
MEN-A1-00200	sich etw. von jdm. borgen	VERIFIED	duden_online	https://www.duden.de/rechtschreibung/borgen	langenscheidt_de_en	https://de.langenscheidt.com/deutsch-englisch/borgen	wort_ir	https://wort.app/woerterbuch/deutsch-persisch/borgen	Live three-layer evidence matched canonical sense.
MEN-A1-00201	regeln	VERIFIED	duden_online	https://www.duden.de/rechtschreibung/regeln	langenscheidt_de_en	https://de.langenscheidt.com/deutsch-englisch/regeln	wort_ir	https://wort.app/woerterbuch/deutsch-persisch/regeln	Regulate/settle/arrange sense checked; Persian تنظیم/سامان دادن.
MEN-A1-00202	schieben	VERIFIED	duden_online	https://www.duden.de/rechtschreibung/schieben	langenscheidt_de_en	https://de.langenscheidt.com/deutsch-englisch/schieben	langenscheidt_de_fa	https://de.langenscheidt.com/deutsch-persisch/schieben	Push/slide sense checked; Persian هل دادن/فشار دادن.
MEN-A1-00203	an/gegen etw. anstoßen	CORRECTED_VERIFIED	duden_online	https://www.duden.de/rechtschreibung/anstoszen	langenscheidt_de_en	https://de.langenscheidt.com/deutsch-englisch/anstossen	wort_ir	https://wort.app/woerterbuch/deutsch-persisch/anstossen	CORRECTED_VERIFIED: narrowed mixed toast/bump unit to the source-example-selected intransitive bump-against sense; Perfekt corrected from hat to ist.
MEN-A1-00204	stehen bleiben	VERIFIED	duden_online	https://www.duden.de/rechtschreibung/stehen_bleiben	langenscheidt_de_en	https://de.langenscheidt.com/deutsch-englisch/stehen-bleiben	langenscheidt_de_fa	https://de.langenscheidt.com/deutsch-persisch/stehen	stehen bleiben = stop/stay; Persian source explicitly gives توقف کردن / ایستادن; Perfekt ist stehen geblieben.
MEN-A1-00205	bestehen bleiben	VERIFIED	duden_online	https://www.duden.de/rechtschreibung/bestehen	langenscheidt_de_en	https://de.langenscheidt.com/deutsch-englisch/bestehen	langenscheidt_de_fa+langenscheidt_de_fa	https://de.langenscheidt.com/deutsch-persisch/bestehen | https://de.langenscheidt.com/deutsch-persisch/bleiben	bestehen bleiben = remain/continue to exist/remain valid; Persian wording supported compositionally by وجود داشتن + ماندن.
MEN-A1-00206	tragen	VERIFIED	duden_online	https://www.duden.de/rechtschreibung/tragen	langenscheidt_de_en	https://de.langenscheidt.com/deutsch-englisch/tragen	langenscheidt_de_fa	https://de.langenscheidt.com/deutsch-persisch/tragen	Carry/wear sense and trägt, trug, hat getragen checked; Persian حمل کردن/بردن explicitly attested.
MEN-A1-00207	baden	VERIFIED	duden_online	https://www.duden.de/rechtschreibung/baden	langenscheidt_de_en	https://de.langenscheidt.com/deutsch-englisch/baden	langenscheidt_de_fa	https://de.langenscheidt.com/deutsch-persisch/baden	Bathe/swim sense and badet, badete, hat gebadet checked; Persian حمام کردن/شنا کردن attested.
MEN-A1-00208	dürfen	VERIFIED	duden_online	https://www.duden.de/rechtschreibung/duerfen	langenscheidt_de_en	https://de.langenscheidt.com/deutsch-englisch/duerfen	langenscheidt_de_fa	https://de.langenscheidt.com/deutsch-persisch/duerfen	Permission modal sense checked; Persian اجازه داشتن explicitly attested.
MEN-A1-00209	klingeln	VERIFIED	duden_online	https://www.duden.de/rechtschreibung/klingeln	langenscheidt_de_en	https://de.langenscheidt.com/deutsch-englisch/klingeln	wort_ir	https://wort.app/woerterbuch/deutsch-persisch/klingeln	Ring/doorbell/telephone sense and hat geklingelt checked.
MEN-A1-00210	müssen	VERIFIED	duden_online	https://www.duden.de/rechtschreibung/muessen	langenscheidt_de_en	https://de.langenscheidt.com/deutsch-englisch/muessen	langenscheidt_de_fa	https://de.langenscheidt.com/deutsch-persisch/muessen	Necessity/obligation modal sense checked; Persian باید / مجبور بودن explicitly attested.
MEN-A1-00211	sitzen	VERIFIED	duden_online	https://www.duden.de/rechtschreibung/sitzen	langenscheidt_de_en	https://de.langenscheidt.com/deutsch-englisch/sitzen	langenscheidt_de_fa	https://de.langenscheidt.com/deutsch-persisch/sitzen	Sit sense and sitzt, saß, hat gesessen checked; Persian نشستن explicitly attested.
MEN-A1-00212	verstehen	VERIFIED	duden_online	https://www.duden.de/rechtschreibung/verstehen	langenscheidt_de_en	https://de.langenscheidt.com/deutsch-englisch/verstehen	langenscheidt_de_fa	https://de.langenscheidt.com/deutsch-persisch/verstehen	Understand/comprehend sense checked.
MEN-A1-00213	erlauben	VERIFIED	duden_online	https://www.duden.de/rechtschreibung/erlauben	langenscheidt_de_en	https://de.langenscheidt.com/deutsch-englisch/erlauben	langenscheidt_de_fa	https://de.langenscheidt.com/deutsch-persisch/erlauben	Allow/permit sense and jemandem etwas erlauben construction checked.
MEN-A1-00214	Geld anlegen	CORRECTED_VERIFIED	duden_online	https://www.duden.de/rechtschreibung/anlegen	langenscheidt_de_en	https://de.langenscheidt.com/deutsch-englisch/anlegen	langenscheidt_de_fa	https://de.langenscheidt.com/deutsch-persisch/anlegen	CORRECTED_VERIFIED: screenshot-selected financial sense; Geld anlegen = invest money / سرمایه‌گذاری کردن.
MEN-A1-00215	abstimmen	CORRECTED_VERIFIED	duden_online	https://www.duden.de/rechtschreibung/abstimmen	langenscheidt_de_en	https://de.langenscheidt.com/deutsch-englisch/abstimmen	langenscheidt_de_fa	https://de.langenscheidt.com/deutsch-persisch/abstimmen	CORRECTED_VERIFIED: narrowed to intransitive political voting sense.
MEN-A1-00216	über etw. abstimmen	VERIFIED	duden_online	https://www.duden.de/rechtschreibung/abstimmen	langenscheidt_de_en	https://de.langenscheidt.com/deutsch-englisch/abstimmen	langenscheidt_de_fa	https://de.langenscheidt.com/deutsch-persisch/abstimmen	über + Akkusativ voting construction explicitly attested.
MEN-A1-00217	sich etw. vorstellen	CORRECTED_VERIFIED	duden_online	https://www.duden.de/rechtschreibung/vorstellen	langenscheidt_de_en	https://de.langenscheidt.com/deutsch-englisch/vorstellen	langenscheidt_de_fa	https://de.langenscheidt.com/deutsch-persisch/vorstellen	CORRECTED_VERIFIED: screenshot-selected sich Dat. etwas vorstellen = imagine / تصور کردن.
MEN-A1-00218	vermuten	VERIFIED	duden_online	https://www.duden.de/rechtschreibung/vermuten	langenscheidt_de_en	https://de.langenscheidt.com/deutsch-englisch/vermuten	langenscheidt_de_fa	https://de.langenscheidt.com/deutsch-persisch/vermuten	Suppose/guess/suspect sense checked.
MEN-A1-00219	aufstehen	VERIFIED	duden_online	https://www.duden.de/rechtschreibung/aufstehen	langenscheidt_de_en	https://de.langenscheidt.com/deutsch-englisch/aufstehen	langenscheidt_de_fa	https://de.langenscheidt.com/deutsch-persisch/aufstehen	Get up/rise sense and sein auxiliary checked.
MEN-A1-00220	anhaben	VERIFIED	duden_online	https://www.duden.de/rechtschreibung/anhaben	langenscheidt_de_en	https://de.langenscheidt.com/deutsch-englisch/anhaben	wort_ir	https://wort.app/woerterbuch/deutsch-persisch/anhaben	Have clothing on/wear sense and hat angehabt checked.
MEN-A1-00221	anziehen	CORRECTED_VERIFIED	duden_online	https://www.duden.de/rechtschreibung/anziehen	langenscheidt_de_en	https://de.langenscheidt.com/deutsch-englisch/anziehen	wort_ir	https://wort.app/woerterbuch/deutsch-persisch/anziehen	CORRECTED_VERIFIED: clothing put-on sense isolated from attract/tighten/etc.
MEN-A1-00222	ausziehen	VERIFIED	duden_online	https://www.duden.de/rechtschreibung/ausziehen	langenscheidt_de_en	https://de.langenscheidt.com/deutsch-englisch/ausziehen	langenscheidt_de_fa	https://de.langenscheidt.com/deutsch-persisch/ausziehen	Transitive clothing take-off sense checked.
MEN-A1-00223	sich ausziehen	VERIFIED	duden_online	https://www.duden.de/rechtschreibung/ausziehen	langenscheidt_de_en	https://de.langenscheidt.com/deutsch-englisch/ausziehen	langenscheidt_de_fa	https://de.langenscheidt.com/deutsch-persisch/ausziehen	Reflexive sich ausziehen = undress explicitly attested.
MEN-A1-00224	entwerfen	VERIFIED	duden_online	https://www.duden.de/rechtschreibung/entwerfen	langenscheidt_de_en	https://de.langenscheidt.com/deutsch-englisch/entwerfen	langenscheidt_de_fa	https://de.langenscheidt.com/deutsch-persisch/entwerfen	Design/draft sense checked.
MEN-A1-00225	wünschen	VERIFIED	duden_online	https://www.duden.de/rechtschreibung/wuenschen	langenscheidt_de_en	https://de.langenscheidt.com/deutsch-englisch/wuenschen	langenscheidt_de_fa	https://de.langenscheidt.com/deutsch-persisch/wuenschen	Wish/desire sense checked.
MEN-A1-00226	schneien	VERIFIED	duden_online	https://www.duden.de/rechtschreibung/schneien	langenscheidt_de_en	https://de.langenscheidt.com/deutsch-englisch/schneien	langenscheidt_de_fa	https://de.langenscheidt.com/deutsch-persisch/schneien	Weather snow sense checked.
MEN-A1-00227	regnen	VERIFIED	duden_online	https://www.duden.de/rechtschreibung/regnen	langenscheidt_de_en	https://de.langenscheidt.com/deutsch-englisch/regnen	langenscheidt_de_fa	https://de.langenscheidt.com/deutsch-persisch/regnen	Weather rain sense checked.
MEN-A1-00228	scheinen	CORRECTED_VERIFIED	duden_online	https://www.duden.de/rechtschreibung/scheinen	langenscheidt_de_en	https://de.langenscheidt.com/deutsch-englisch/scheinen	wort_ir	https://wort.app/woerterbuch/deutsch-persisch/scheinen	CORRECTED_VERIFIED: screenshot-selected light/shining sense, not the separate seem/appear sense.
MEN-A1-00229	wegmachen	VERIFIED	duden_online	https://www.duden.de/rechtschreibung/wegmachen	langenscheidt_de_en	https://de.langenscheidt.com/deutsch-englisch/wegmachen	langenscheidt_de_fa	https://de.langenscheidt.com/deutsch-persisch/entfernen	Remove/clean-away sense checked; Persian از بین بردن/برطرف کردن/پاک کردن matched.
MEN-A1-00230	blitzen	VERIFIED	duden_online	https://www.duden.de/rechtschreibung/blitzen	langenscheidt_de_en	https://de.langenscheidt.com/deutsch-englisch/blitzen	langenscheidt_de_fa	https://de.langenscheidt.com/deutsch-persisch/blitz	Weather lightning/flash sense checked; Persian برق/صاعقه lexical evidence matched.
MEN-A1-00231	erleben	VERIFIED	duden_online	https://www.duden.de/rechtschreibung/erleben	langenscheidt_de_en	https://de.langenscheidt.com/deutsch-englisch/erleben	langenscheidt_de_fa	https://de.langenscheidt.com/deutsch-persisch/erleben	Experience/live-through sense and hat erlebt checked.
MEN-A1-00232	sammeln	VERIFIED	duden_online	https://www.duden.de/rechtschreibung/sammeln	langenscheidt_de_en	https://de.langenscheidt.com/deutsch-englisch/sammeln	langenscheidt_de_fa	https://de.langenscheidt.com/deutsch-persisch/sammeln	Collect/gather transitive sense checked.
MEN-A1-00233	sich sammeln	CORRECTED_VERIFIED	duden_online	https://www.duden.de/rechtschreibung/sammeln	langenscheidt_de_en	https://de.langenscheidt.com/deutsch-englisch/sammeln	langenscheidt_de_fa	https://de.langenscheidt.com/deutsch-persisch/sammeln	CORRECTED_VERIFIED: narrowed reflexive unit to gathering/assembling, avoiding the separate compose-oneself sense.
MEN-A1-00234	klingen	VERIFIED	duden_online	https://www.duden.de/rechtschreibung/klingen	langenscheidt_de_en	https://de.langenscheidt.com/deutsch-englisch/klingen	wort_ir	https://wort.app/woerterbuch/deutsch-persisch/klingen	Sound/seem-by-sound sense checked; Persian صدا دادن/به نظر رسیدن matched.
MEN-A1-00235	etw. irgendwohin setzen	CORRECTED_VERIFIED	duden_online	https://www.duden.de/rechtschreibung/setzen	langenscheidt_de_en	https://de.langenscheidt.com/deutsch-englisch/setzen	langenscheidt_de_fa	https://de.langenscheidt.com/deutsch-persisch/setzen	CORRECTED_VERIFIED: isolated transitive placement sense; reflexive sitting remains separate in 236.
MEN-A1-00236	sich setzen	VERIFIED	duden_online	https://www.duden.de/rechtschreibung/setzen	langenscheidt_de_en	https://de.langenscheidt.com/deutsch-englisch/setzen	langenscheidt_de_fa	https://de.langenscheidt.com/deutsch-persisch/setzen	sich setzen = sit down/seat oneself; reflexive construction checked.
MEN-A1-00237	dabeihaben	VERIFIED	duden_online	https://www.duden.de/rechtschreibung/dabeihaben	langenscheidt_de_en	https://de.langenscheidt.com/deutsch-englisch/dabeihaben	langenscheidt_de_fa	https://de.langenscheidt.com/deutsch-persisch/dabei	Have with oneself; dabeihaben morphology and Persian همراه wording checked.
MEN-A1-00238	aufwachen	VERIFIED	duden_online	https://www.duden.de/rechtschreibung/aufwachen	langenscheidt_de_en	https://de.langenscheidt.com/deutsch-englisch/aufwachen	langenscheidt_de_fa	https://de.langenscheidt.com/deutsch-persisch/aufwachen	Wake-up sense and ist aufgewacht checked.
MEN-A1-00239	öffnen	VERIFIED	duden_online	https://www.duden.de/rechtschreibung/oeffnen	langenscheidt_de_en	https://de.langenscheidt.com/deutsch-englisch/oeffnen	langenscheidt_de_fa	https://de.langenscheidt.com/deutsch-persisch/oeffnen	Open sense and regular morphology checked.
MEN-A1-00240	bergen	VERIFIED	duden_online	https://www.duden.de/rechtschreibung/bergen	langenscheidt_de_en	https://de.langenscheidt.com/deutsch-englisch/bergen	langenscheidt_de_fa	https://de.langenscheidt.com/deutsch-persisch/bergen	Rescue/recover-to-safety sense and irregular morphology checked; Persian نجات دادن matched.
MEN-A1-00241	ein Fest abhalten	VERIFIED	duden_online	https://www.duden.de/rechtschreibung/abhalten	langenscheidt_de_en	https://de.langenscheidt.com/deutsch-englisch/abhalten	langenscheidt_de_fa	https://de.langenscheidt.com/deutsch-persisch/veranstalten	Phrase-level evidence: Veranstaltung/Fest abhalten = hold/organize a celebration; Persian برگزار/برپا کردن matched.
MEN-A1-00242	gratulieren	VERIFIED	duden_online	https://www.duden.de/rechtschreibung/gratulieren	langenscheidt_de_en	https://de.langenscheidt.com/deutsch-englisch/gratulieren	langenscheidt_de_fa	https://de.langenscheidt.com/deutsch-persisch/gratulieren	Congratulate sense and Dative usage checked.
MEN-A1-00243	schenken	VERIFIED	duden_online	https://www.duden.de/rechtschreibung/schenken	langenscheidt_de_en	https://de.langenscheidt.com/deutsch-englisch/schenken	langenscheidt_de_fa	https://de.langenscheidt.com/deutsch-persisch/schenken	Give as a gift sense checked.
MEN-A1-00244	umziehen	VERIFIED	duden_online	https://www.duden.de/rechtschreibung/umziehen	langenscheidt_de_en	https://de.langenscheidt.com/deutsch-englisch/umziehen	langenscheidt_de_fa	https://de.langenscheidt.com/deutsch-persisch/umziehen	Move-house sense and ist umgezogen checked.
MEN-A1-00245	sich umziehen	VERIFIED	duden_online	https://www.duden.de/rechtschreibung/umziehen	langenscheidt_de_en	https://de.langenscheidt.com/deutsch-englisch/umziehen	langenscheidt_de_fa	https://de.langenscheidt.com/deutsch-persisch/umziehen	Reflexive change-clothes sense checked; hat sich umgezogen retained against the source-row auxiliary error.
MEN-A1-00246	sich freuen	VERIFIED	duden_online	https://www.duden.de/rechtschreibung/freuen	langenscheidt_de_en	https://de.langenscheidt.com/deutsch-englisch/freuen	langenscheidt_de_fa	https://de.langenscheidt.com/deutsch-persisch/freuen	Reflexive joy/looking-forward sense checked, including auf/über constructions.
MEN-A1-00247	sich um jdn./etw. kümmern	VERIFIED	duden_online	https://www.duden.de/rechtschreibung/kuemmern	langenscheidt_de_en	https://de.langenscheidt.com/deutsch-englisch/kuemmern	langenscheidt_de_fa	https://de.langenscheidt.com/deutsch-persisch/kuemmern	sich um jemanden/etwas kümmern = take care of; construction checked.
MEN-A1-00248	reparieren	VERIFIED	duden_online	https://www.duden.de/rechtschreibung/reparieren	langenscheidt_de_en	https://de.langenscheidt.com/deutsch-englisch/reparieren	langenscheidt_de_fa	https://de.langenscheidt.com/deutsch-persisch/reparieren	Repair/fix sense checked.
MEN-A1-00249	schicken	VERIFIED	duden_online	https://www.duden.de/rechtschreibung/schicken	langenscheidt_de_en	https://de.langenscheidt.com/deutsch-englisch/schicken	langenscheidt_de_fa	https://de.langenscheidt.com/deutsch-persisch/schicken	Send sense checked.
MEN-A1-00250	vereinbaren	VERIFIED	duden_online	https://www.duden.de/rechtschreibung/vereinbaren	langenscheidt_de_en	https://de.langenscheidt.com/deutsch-englisch/vereinbaren	langenscheidt_de_fa	https://de.langenscheidt.com/deutsch-persisch/vereinbaren	Arrange/agree, especially a Termin, checked.
MEN-A1-00251	etw. verschieben	CORRECTED_VERIFIED	duden_online	https://www.duden.de/rechtschreibung/verschieben	langenscheidt_de_en	https://de.langenscheidt.com/deutsch-englisch/verschieben	langenscheidt_de_fa	https://de.langenscheidt.com/deutsch-persisch/verschieben	CORRECTED_VERIFIED: narrowed to postponing/rescheduling rather than mixing physical movement.
MEN-A1-00252	sich verschieben	VERIFIED	duden_online	https://www.duden.de/rechtschreibung/verschieben	langenscheidt_de_en	https://de.langenscheidt.com/deutsch-englisch/verschieben	langenscheidt_de_fa	https://de.langenscheidt.com/deutsch-persisch/verschieben	Temporal reflexive delay/postponement sense checked.
MEN-A1-00253	passen	VERIFIED	duden_online	https://www.duden.de/rechtschreibung/passen	langenscheidt_de_en	https://de.langenscheidt.com/deutsch-englisch/passen	langenscheidt_de_fa	https://de.langenscheidt.com/deutsch-persisch/passen	Dative fit/suit sense checked.
MEN-A1-00254	zu etw. passen	VERIFIED	duden_online	https://www.duden.de/rechtschreibung/passen	langenscheidt_de_en	https://de.langenscheidt.com/deutsch-englisch/passen	langenscheidt_de_fa	https://de.langenscheidt.com/deutsch-persisch/passen	zu etwas passen = match/go with; construction checked.
MEN-A1-00255	tun	VERIFIED	duden_online	https://www.duden.de/rechtschreibung/tun	langenscheidt_de_en	https://de.langenscheidt.com/deutsch-englisch/tun	langenscheidt_de_fa	https://de.langenscheidt.com/deutsch-persisch/tun	Do/perform-an-action sense and irregular morphology checked.
MEN-A1-00256	vor jdm./etw. Angst haben	VERIFIED	duden_online	https://www.duden.de/rechtschreibung/Angst	langenscheidt_de_en	https://de.langenscheidt.com/deutsch-englisch/angst	wort_ir	https://wort.app/woerterbuch/deutsch-persisch/angst	Phrase vor jemandem/etwas Angst haben checked; Persian ترس داشتن/ترسیدن matched.
MEN-A1-00257	auf jdn./etw. warten	VERIFIED	duden_online	https://www.duden.de/rechtschreibung/warten	langenscheidt_de_en	https://de.langenscheidt.com/deutsch-englisch/warten	langenscheidt_de_fa	https://de.langenscheidt.com/deutsch-persisch/warten	auf + Akkusativ wait-for construction checked.
MEN-A1-00258	mitnehmen	VERIFIED	duden_online	https://www.duden.de/rechtschreibung/mitnehmen	langenscheidt_de_en	https://de.langenscheidt.com/deutsch-englisch/mitnehmen	langenscheidt_de_fa	https://de.langenscheidt.com/deutsch-persisch/mitnehmen	Take-along sense checked; Persian با خود بردن matched.
MEN-A1-00259	etw. in etw. stecken	CORRECTED_VERIFIED	duden_online	https://www.duden.de/rechtschreibung/stecken	langenscheidt_de_en	https://de.langenscheidt.com/deutsch-englisch/stecken	langenscheidt_de_fa	https://de.langenscheidt.com/deutsch-persisch/stecken	CORRECTED_VERIFIED: transitive put/stick-into sense isolated from intransitive stuck sense.
MEN-A1-00260	stecken bleiben	VERIFIED	duden_online	https://www.duden.de/rechtschreibung/stecken_bleiben	langenscheidt_de_en	https://de.langenscheidt.com/deutsch-englisch/stecken	langenscheidt_de_fa	https://de.langenscheidt.com/deutsch-persisch/bleiben	stecken bleiben = get/be stuck; sein-Perfekt and Persian گیر کردن explicitly matched.
MEN-A1-00261	nerven	VERIFIED	duden_online	https://www.duden.de/rechtschreibung/nerven	langenscheidt_de_en	https://de.langenscheidt.com/deutsch-englisch/nerven	langenscheidt_de_fa	https://de.langenscheidt.com/deutsch-persisch/nerven	Annoy/get on someone's nerves sense checked.
MEN-A1-00262	duschen	VERIFIED	duden_online	https://www.duden.de/rechtschreibung/duschen	langenscheidt_de_en	https://de.langenscheidt.com/deutsch-englisch/duschen	wort_ir	https://wort.app/woerterbuch/deutsch-persisch/duschen	Shower/wash under a shower sense and hat geduscht checked.
MEN-A1-00263	schaffen	VERIFIED	duden_online	https://www.duden.de/rechtschreibung/schaffen_fertigbringen	langenscheidt_de_en	https://de.langenscheidt.com/deutsch-englisch/schaffen	wort_ir	https://wort.app/woerterbuch/deutsch-persisch/fertig-bringen	Weak-verb manage/accomplish sense (schaffte, hat geschafft), not strong create sense, checked.
MEN-A1-00264	hinbringen	VERIFIED	duden_online	https://www.duden.de/rechtschreibung/hinbringen	langenscheidt_de_en	https://de.langenscheidt.com/deutsch-englisch/hinbringen	langenscheidt_de_fa	https://de.langenscheidt.com/deutsch-persisch/bringen	Take/bring someone or something there; direction + Persian بردن/رساندن matched.
MEN-A1-00265	anerkennen	VERIFIED	duden_online	https://www.duden.de/rechtschreibung/anerkennen	langenscheidt_de_en	https://de.langenscheidt.com/deutsch-englisch/anerkennen	langenscheidt_de_fa	https://de.langenscheidt.com/deutsch-persisch/anerkennen	Recognize/acknowledge as valid/value sense checked.
MEN-A1-00266	mit jdm./etw. abschließen	CORRECTED_VERIFIED	duden_online	https://www.duden.de/rechtschreibung/abschlieszen	langenscheidt_de_en	https://de.langenscheidt.com/deutsch-englisch/abschliessen	langenscheidt_de_fa	https://de.langenscheidt.com/deutsch-persisch/abschluss	CORRECTED_VERIFIED: screenshot-selected mit jemandem/etwas abschließen = be done with/put behind; Persian پایان/اتمام evidence matched.
MEN-A1-00267	jdn./etw. anmelden	CORRECTED_VERIFIED	duden_online	https://www.duden.de/rechtschreibung/anmelden	langenscheidt_de_en	https://de.langenscheidt.com/deutsch-englisch/anmelden	langenscheidt_de_fa	https://de.langenscheidt.com/deutsch-persisch/anmelden	CORRECTED_VERIFIED: non-reflexive register someone/something separated from self-registration unit 268.
MEN-A1-00268	sich zu etw. anmelden	CORRECTED_VERIFIED	duden_online	https://www.duden.de/rechtschreibung/anmelden	langenscheidt_de_en	https://de.langenscheidt.com/deutsch-englisch/anmelden	wort_ir	https://wort.app/woerterbuch/deutsch-persisch/anmelden	Resolved conflicting source row to the lexicographically attested course-registration construction sich zu etw. anmelden.
MEN-A1-00269	werden	VERIFIED	duden_online	https://www.duden.de/rechtschreibung/werden	langenscheidt_de_en	https://de.langenscheidt.com/deutsch-englisch/werden	langenscheidt_de_fa	https://de.langenscheidt.com/deutsch-persisch/werden	Become sense and wurde/ist geworden checked.
MEN-A1-00270	zu Fuß gehen	VERIFIED	duden_online	https://www.duden.de/rechtschreibung/gehen	langenscheidt_de_en	https://de.langenscheidt.com/deutsch-englisch/gehen	langenscheidt_de_fa	https://de.langenscheidt.com/deutsch-persisch/gehen	zu Fuß gehen = walk/go on foot; Persian راه رفتن / پای پیاده matched.
MEN-A1-00271	segeln	CORRECTED_VERIFIED	duden_online	https://www.duden.de/rechtschreibung/segeln	langenscheidt_de_en	https://de.langenscheidt.com/deutsch-englisch/segeln	langenscheidt_de_fa	https://de.langenscheidt.com/deutsch-persisch/segelboot	CORRECTED_VERIFIED: Duden permits haben/sein depending activity vs directed movement; canonical now records both.
MEN-A1-00272	sich bewerben	VERIFIED	duden_online	https://www.duden.de/rechtschreibung/bewerben	langenscheidt_de_en	https://de.langenscheidt.com/deutsch-englisch/bewerben	langenscheidt_de_fa	https://de.langenscheidt.com/deutsch-persisch/bewerben	Reflexive apply sense checked.
MEN-A1-00273	sich bei jdm./etw. bewerben	VERIFIED	duden_online	https://www.duden.de/rechtschreibung/bewerben	langenscheidt_de_en	https://de.langenscheidt.com/deutsch-englisch/bewerben	langenscheidt_de_fa	https://de.langenscheidt.com/deutsch-persisch/bewerben	sich bei einer Firma/Institution bewerben construction checked.
MEN-A1-00274	sich um eine Stelle bewerben	VERIFIED	duden_online	https://www.duden.de/rechtschreibung/bewerben	langenscheidt_de_en	https://de.langenscheidt.com/deutsch-englisch/bewerben	langenscheidt_de_fa	https://de.langenscheidt.com/deutsch-persisch/bewerben	sich um eine Stelle bewerben = apply for a job; construction checked.
MEN-A1-00275	bekommen	VERIFIED	duden_online	https://www.duden.de/rechtschreibung/bekommen	langenscheidt_de_en	https://de.langenscheidt.com/deutsch-englisch/bekommen	langenscheidt_de_fa	https://de.langenscheidt.com/deutsch-persisch/bekommen	Get/receive sense checked.
MEN-A1-00276	durchkommen	CORRECTED_VERIFIED	duden_online	https://www.duden.de/rechtschreibung/durchkommen	langenscheidt_de_en	https://de.langenscheidt.com/deutsch-englisch/durchkommen	langenscheidt_de_fa	https://de.langenscheidt.com/deutsch-persisch/durchgang	CORRECTED_VERIFIED: physical get/pass-through sense isolated; Persian عبور/گذر evidence matched.
