source_order	legacy_id_reference	canonical_unit_id	mapping_status
1	MEN-A1-0001	MEN-A1-00001	ORDER_PRESERVING_REFERENCE
2	MEN-A1-0002	MEN-A1-00002	ORDER_PRESERVING_REFERENCE
3	MEN-A1-0003	MEN-A1-00003	ORDER_PRESERVING_REFERENCE
4	MEN-A1-0004	MEN-A1-00004	ORDER_PRESERVING_REFERENCE
5	MEN-A1-0005	MEN-A1-00005	ORDER_PRESERVING_REFERENCE
6	MEN-A1-0006	MEN-A1-00006	ORDER_PRESERVING_REFERENCE
7	MEN-A1-0007	MEN-A1-00007	ORDER_PRESERVING_REFERENCE
8	MEN-A1-0008	MEN-A1-00008	ORDER_PRESERVING_REFERENCE
9	MEN-A1-0009	MEN-A1-00009	ORDER_PRESERVING_REFERENCE
10	MEN-A1-0010	MEN-A1-00010	ORDER_PRESERVING_REFERENCE
11	MEN-A1-0011	MEN-A1-00011	ORDER_PRESERVING_REFERENCE
12	MEN-A1-0012	MEN-A1-00012	ORDER_PRESERVING_REFERENCE
13	MEN-A1-0013	MEN-A1-00013	ORDER_PRESERVING_REFERENCE
14	MEN-A1-0014	MEN-A1-00014	ORDER_PRESERVING_REFERENCE
15	MEN-A1-0015	MEN-A1-00015	ORDER_PRESERVING_REFERENCE
16	MEN-A1-0016	MEN-A1-00016	ORDER_PRESERVING_REFERENCE
17	MEN-A1-0017	MEN-A1-00017	ORDER_PRESERVING_REFERENCE
18	MEN-A1-0018	MEN-A1-00018	ORDER_PRESERVING_REFERENCE
19	MEN-A1-0019	MEN-A1-00019	ORDER_PRESERVING_REFERENCE
20	MEN-A1-0020	MEN-A1-00020	ORDER_PRESERVING_REFERENCE
21	MEN-A1-0021	MEN-A1-00021	ORDER_PRESERVING_REFERENCE
22	MEN-A1-0022	MEN-A1-00022	ORDER_PRESERVING_REFERENCE
23	MEN-A1-0023	MEN-A1-00023	ORDER_PRESERVING_REFERENCE
24	MEN-A1-0024	MEN-A1-00024	ORDER_PRESERVING_REFERENCE
25	MEN-A1-0025	MEN-A1-00025	ORDER_PRESERVING_REFERENCE
26	MEN-A1-0026	MEN-A1-00026	ORDER_PRESERVING_REFERENCE
27	MEN-A1-0027	MEN-A1-00027	ORDER_PRESERVING_REFERENCE
28	MEN-A1-0028	MEN-A1-00028	ORDER_PRESERVING_REFERENCE
29	MEN-A1-0029	MEN-A1-00029	ORDER_PRESERVING_REFERENCE
30	MEN-A1-0030	MEN-A1-00030	ORDER_PRESERVING_REFERENCE
31	MEN-A1-0031	MEN-A1-00031	ORDER_PRESERVING_REFERENCE
32	MEN-A1-0032	MEN-A1-00032	ORDER_PRESERVING_REFERENCE
33	MEN-A1-0033	MEN-A1-00033	ORDER_PRESERVING_REFERENCE
34	MEN-A1-0034	MEN-A1-00034	ORDER_PRESERVING_REFERENCE
35	MEN-A1-0035	MEN-A1-00035	ORDER_PRESERVING_REFERENCE
36	MEN-A1-0036	MEN-A1-00036	ORDER_PRESERVING_REFERENCE
37	MEN-A1-0037	MEN-A1-00037	ORDER_PRESERVING_REFERENCE
38	MEN-A1-0038	MEN-A1-00038	ORDER_PRESERVING_REFERENCE
39	MEN-A1-0039	MEN-A1-00039	ORDER_PRESERVING_REFERENCE
40	MEN-A1-0040	MEN-A1-00040	ORDER_PRESERVING_REFERENCE
41	MEN-A1-0041	MEN-A1-00041	ORDER_PRESERVING_REFERENCE
42	MEN-A1-0042	MEN-A1-00042	ORDER_PRESERVING_REFERENCE
43	MEN-A1-0043	MEN-A1-00043	ORDER_PRESERVING_REFERENCE
44	MEN-A1-0044	MEN-A1-00044	ORDER_PRESERVING_REFERENCE
45	MEN-A1-0045	MEN-A1-00045	ORDER_PRESERVING_REFERENCE
46	MEN-A1-0046	MEN-A1-00046	ORDER_PRESERVING_REFERENCE
47	MEN-A1-0047	MEN-A1-00047	ORDER_PRESERVING_REFERENCE
48	MEN-A1-0048	MEN-A1-00048	ORDER_PRESERVING_REFERENCE
49	MEN-A1-0049	MEN-A1-00049	ORDER_PRESERVING_REFERENCE
50	MEN-A1-0050	MEN-A1-00050	ORDER_PRESERVING_REFERENCE
51	MEN-A1-0051	MEN-A1-00051	ORDER_PRESERVING_REFERENCE
52	MEN-A1-0052	MEN-A1-00052	ORDER_PRESERVING_REFERENCE
53	MEN-A1-0053	MEN-A1-00053	ORDER_PRESERVING_REFERENCE
54	MEN-A1-0054	MEN-A1-00054	ORDER_PRESERVING_REFERENCE
55	MEN-A1-0055	MEN-A1-00055	ORDER_PRESERVING_REFERENCE
56	MEN-A1-0056	MEN-A1-00056	ORDER_PRESERVING_REFERENCE
57	MEN-A1-0057	MEN-A1-00057	ORDER_PRESERVING_REFERENCE
58	MEN-A1-0058	MEN-A1-00058	ORDER_PRESERVING_REFERENCE
59	MEN-A1-0059	MEN-A1-00059	ORDER_PRESERVING_REFERENCE
60	MEN-A1-0060	MEN-A1-00060	ORDER_PRESERVING_REFERENCE
61	MEN-A1-0061	MEN-A1-00061	ORDER_PRESERVING_REFERENCE
62	MEN-A1-0062	MEN-A1-00062	ORDER_PRESERVING_REFERENCE
63	MEN-A1-0063	MEN-A1-00063	ORDER_PRESERVING_REFERENCE
64	MEN-A1-0064	MEN-A1-00064	ORDER_PRESERVING_REFERENCE
65	MEN-A1-0065	MEN-A1-00065	ORDER_PRESERVING_REFERENCE
66	MEN-A1-0066	MEN-A1-00066	ORDER_PRESERVING_REFERENCE
67	MEN-A1-0067	MEN-A1-00067	ORDER_PRESERVING_REFERENCE
68	MEN-A1-0068	MEN-A1-00068	ORDER_PRESERVING_REFERENCE
69	MEN-A1-0069	MEN-A1-00069	ORDER_PRESERVING_REFERENCE
70	MEN-A1-0070	MEN-A1-00070	ORDER_PRESERVING_REFERENCE
71	MEN-A1-0071	MEN-A1-00071	ORDER_PRESERVING_REFERENCE
72	MEN-A1-0072	MEN-A1-00072	ORDER_PRESERVING_REFERENCE
73	MEN-A1-0073	MEN-A1-00073	ORDER_PRESERVING_REFERENCE
74	MEN-A1-0074	MEN-A1-00074	ORDER_PRESERVING_REFERENCE
75	MEN-A1-0075	MEN-A1-00075	ORDER_PRESERVING_REFERENCE
76	MEN-A1-0076	MEN-A1-00076	ORDER_PRESERVING_REFERENCE
77	MEN-A1-0077	MEN-A1-00077	ORDER_PRESERVING_REFERENCE
78	MEN-A1-0078	MEN-A1-00078	ORDER_PRESERVING_REFERENCE
79	MEN-A1-0079	MEN-A1-00079	ORDER_PRESERVING_REFERENCE
80	MEN-A1-0080	MEN-A1-00080	ORDER_PRESERVING_REFERENCE
81	MEN-A1-0081	MEN-A1-00081	ORDER_PRESERVING_REFERENCE
82	MEN-A1-0082	MEN-A1-00082	ORDER_PRESERVING_REFERENCE
83	MEN-A1-0083	MEN-A1-00083	ORDER_PRESERVING_REFERENCE
84	MEN-A1-0084	MEN-A1-00084	ORDER_PRESERVING_REFERENCE
85	MEN-A1-0085	MEN-A1-00085	ORDER_PRESERVING_REFERENCE
86	MEN-A1-0086	MEN-A1-00086	ORDER_PRESERVING_REFERENCE
87	MEN-A1-0087	MEN-A1-00087	ORDER_PRESERVING_REFERENCE
88	MEN-A1-0088	MEN-A1-00088	ORDER_PRESERVING_REFERENCE
89	MEN-A1-0089	MEN-A1-00089	ORDER_PRESERVING_REFERENCE
90	MEN-A1-0090	MEN-A1-00090	ORDER_PRESERVING_REFERENCE
91	MEN-A1-0091	MEN-A1-00091	ORDER_PRESERVING_REFERENCE
92	MEN-A1-0092	MEN-A1-00092	ORDER_PRESERVING_REFERENCE
93	MEN-A1-0093	MEN-A1-00093	ORDER_PRESERVING_REFERENCE
94	MEN-A1-0094	MEN-A1-00094	ORDER_PRESERVING_REFERENCE
95	MEN-A1-0095	MEN-A1-00095	ORDER_PRESERVING_REFERENCE
96	MEN-A1-0096	MEN-A1-00096	ORDER_PRESERVING_REFERENCE
97	MEN-A1-0097	MEN-A1-00097	ORDER_PRESERVING_REFERENCE
98	MEN-A1-0098	MEN-A1-00098	ORDER_PRESERVING_REFERENCE
99	MEN-A1-0099	MEN-A1-00099	ORDER_PRESERVING_REFERENCE
100	MEN-A1-0100	MEN-A1-00100	ORDER_PRESERVING_REFERENCE
101	MEN-A1-0101	MEN-A1-00101	ORDER_PRESERVING_REFERENCE
102	MEN-A1-0102	MEN-A1-00102	ORDER_PRESERVING_REFERENCE
103	MEN-A1-0103	MEN-A1-00103	ORDER_PRESERVING_REFERENCE
104	MEN-A1-0104	MEN-A1-00104	ORDER_PRESERVING_REFERENCE
105	MEN-A1-0105	MEN-A1-00105	ORDER_PRESERVING_REFERENCE
106	MEN-A1-0106	MEN-A1-00106	ORDER_PRESERVING_REFERENCE
107	MEN-A1-0107	MEN-A1-00107	ORDER_PRESERVING_REFERENCE
108	MEN-A1-0108	MEN-A1-00108	ORDER_PRESERVING_REFERENCE
109	MEN-A1-0109	MEN-A1-00109	ORDER_PRESERVING_REFERENCE
110	MEN-A1-0110	MEN-A1-00110	ORDER_PRESERVING_REFERENCE
111	MEN-A1-0111	MEN-A1-00111	ORDER_PRESERVING_REFERENCE
112	MEN-A1-0112	MEN-A1-00112	ORDER_PRESERVING_REFERENCE
113	MEN-A1-0113	MEN-A1-00113	ORDER_PRESERVING_REFERENCE
114	MEN-A1-0114	MEN-A1-00114	ORDER_PRESERVING_REFERENCE
115	MEN-A1-0115	MEN-A1-00115	ORDER_PRESERVING_REFERENCE
116	MEN-A1-0116	MEN-A1-00116	ORDER_PRESERVING_REFERENCE
117	MEN-A1-0117	MEN-A1-00117	ORDER_PRESERVING_REFERENCE
118	MEN-A1-0118	MEN-A1-00118	ORDER_PRESERVING_REFERENCE
119	MEN-A1-0119	MEN-A1-00119	ORDER_PRESERVING_REFERENCE
120	MEN-A1-0120	MEN-A1-00120	ORDER_PRESERVING_REFERENCE
121	MEN-A1-0121	MEN-A1-00121	ORDER_PRESERVING_REFERENCE
122	MEN-A1-0122	MEN-A1-00122	ORDER_PRESERVING_REFERENCE
123	MEN-A1-0123	MEN-A1-00123	ORDER_PRESERVING_REFERENCE
124	MEN-A1-0124	MEN-A1-00124	ORDER_PRESERVING_REFERENCE
125	MEN-A1-0125	MEN-A1-00125	ORDER_PRESERVING_REFERENCE
126	MEN-A1-0126	MEN-A1-00126	ORDER_PRESERVING_REFERENCE
127	MEN-A1-0127	MEN-A1-00127	ORDER_PRESERVING_REFERENCE
128	MEN-A1-0128	MEN-A1-00128	ORDER_PRESERVING_REFERENCE
129	MEN-A1-0129	MEN-A1-00129	ORDER_PRESERVING_REFERENCE
130	MEN-A1-0130	MEN-A1-00130	ORDER_PRESERVING_REFERENCE
131	MEN-A1-0131	MEN-A1-00131	ORDER_PRESERVING_REFERENCE
132	MEN-A1-0132	MEN-A1-00132	ORDER_PRESERVING_REFERENCE
133	MEN-A1-0133	MEN-A1-00133	ORDER_PRESERVING_REFERENCE
134	MEN-A1-0134	MEN-A1-00134	ORDER_PRESERVING_REFERENCE
135	MEN-A1-0135	MEN-A1-00135	ORDER_PRESERVING_REFERENCE
136	MEN-A1-0136	MEN-A1-00136	ORDER_PRESERVING_REFERENCE
137	MEN-A1-0137	MEN-A1-00137	ORDER_PRESERVING_REFERENCE
138	MEN-A1-0138	MEN-A1-00138	ORDER_PRESERVING_REFERENCE
139	MEN-A1-0139	MEN-A1-00139	ORDER_PRESERVING_REFERENCE
140	MEN-A1-0140	MEN-A1-00140	ORDER_PRESERVING_REFERENCE
141	MEN-A1-0141	MEN-A1-00141	ORDER_PRESERVING_REFERENCE
142	MEN-A1-0142	MEN-A1-00142	ORDER_PRESERVING_REFERENCE
143	MEN-A1-0143	MEN-A1-00143	ORDER_PRESERVING_REFERENCE
144	MEN-A1-0144	MEN-A1-00144	ORDER_PRESERVING_REFERENCE
145	MEN-A1-0145	MEN-A1-00145	ORDER_PRESERVING_REFERENCE
146	MEN-A1-0146	MEN-A1-00146	ORDER_PRESERVING_REFERENCE
147	MEN-A1-0147	MEN-A1-00147	ORDER_PRESERVING_REFERENCE
148	MEN-A1-0148	MEN-A1-00148	ORDER_PRESERVING_REFERENCE
149	MEN-A1-0149	MEN-A1-00149	ORDER_PRESERVING_REFERENCE
150	MEN-A1-0150	MEN-A1-00150	ORDER_PRESERVING_REFERENCE
151	MEN-A1-0151	MEN-A1-00151	ORDER_PRESERVING_REFERENCE
152	MEN-A1-0152	MEN-A1-00152	ORDER_PRESERVING_REFERENCE
153	MEN-A1-0153	MEN-A1-00153	ORDER_PRESERVING_REFERENCE
154	MEN-A1-0154	MEN-A1-00154	ORDER_PRESERVING_REFERENCE
155	MEN-A1-0155	MEN-A1-00155	ORDER_PRESERVING_REFERENCE
156	MEN-A1-0156	MEN-A1-00156	ORDER_PRESERVING_REFERENCE
157	MEN-A1-0157	MEN-A1-00157	ORDER_PRESERVING_REFERENCE
158	MEN-A1-0158	MEN-A1-00158	ORDER_PRESERVING_REFERENCE
159	MEN-A1-0159	MEN-A1-00159	ORDER_PRESERVING_REFERENCE
160	MEN-A1-0160	MEN-A1-00160	ORDER_PRESERVING_REFERENCE
161	MEN-A1-0161	MEN-A1-00161	ORDER_PRESERVING_REFERENCE
162	MEN-A1-0162	MEN-A1-00162	ORDER_PRESERVING_REFERENCE
163	MEN-A1-0163	MEN-A1-00163	ORDER_PRESERVING_REFERENCE
164	MEN-A1-0164	MEN-A1-00164	ORDER_PRESERVING_REFERENCE
165	MEN-A1-0165	MEN-A1-00165	ORDER_PRESERVING_REFERENCE
166	MEN-A1-0166	MEN-A1-00166	ORDER_PRESERVING_REFERENCE
167	MEN-A1-0167	MEN-A1-00167	ORDER_PRESERVING_REFERENCE
168	MEN-A1-0168	MEN-A1-00168	ORDER_PRESERVING_REFERENCE
169	MEN-A1-0169	MEN-A1-00169	ORDER_PRESERVING_REFERENCE
170	MEN-A1-0170	MEN-A1-00170	ORDER_PRESERVING_REFERENCE
171	MEN-A1-0171	MEN-A1-00171	ORDER_PRESERVING_REFERENCE
172	MEN-A1-0172	MEN-A1-00172	ORDER_PRESERVING_REFERENCE
173	MEN-A1-0173	MEN-A1-00173	ORDER_PRESERVING_REFERENCE
174	MEN-A1-0174	MEN-A1-00174	ORDER_PRESERVING_REFERENCE
175	MEN-A1-0175	MEN-A1-00175	ORDER_PRESERVING_REFERENCE
176	MEN-A1-0176	MEN-A1-00176	ORDER_PRESERVING_REFERENCE
177	MEN-A1-0177	MEN-A1-00177	ORDER_PRESERVING_REFERENCE
178	MEN-A1-0178	MEN-A1-00178	ORDER_PRESERVING_REFERENCE
179	MEN-A1-0179	MEN-A1-00179	ORDER_PRESERVING_REFERENCE
180	MEN-A1-0180	MEN-A1-00180	ORDER_PRESERVING_REFERENCE
181	MEN-A1-0181	MEN-A1-00181	ORDER_PRESERVING_REFERENCE
182	MEN-A1-0182	MEN-A1-00182	ORDER_PRESERVING_REFERENCE
183	MEN-A1-0183	MEN-A1-00183	ORDER_PRESERVING_REFERENCE
184	MEN-A1-0184	MEN-A1-00184	ORDER_PRESERVING_REFERENCE
185	MEN-A1-0185	MEN-A1-00185	ORDER_PRESERVING_REFERENCE
186	MEN-A1-0186	MEN-A1-00186	ORDER_PRESERVING_REFERENCE
187	MEN-A1-0187	MEN-A1-00187	ORDER_PRESERVING_REFERENCE
188	MEN-A1-0188	MEN-A1-00188	ORDER_PRESERVING_REFERENCE
189	MEN-A1-0189	MEN-A1-00189	ORDER_PRESERVING_REFERENCE
190	MEN-A1-0190	MEN-A1-00190	ORDER_PRESERVING_REFERENCE
191	MEN-A1-0191	MEN-A1-00191	ORDER_PRESERVING_REFERENCE
192	MEN-A1-0192	MEN-A1-00192	ORDER_PRESERVING_REFERENCE
193	MEN-A1-0193	MEN-A1-00193	ORDER_PRESERVING_REFERENCE
194	MEN-A1-0194	MEN-A1-00194	ORDER_PRESERVING_REFERENCE
195	MEN-A1-0195	MEN-A1-00195	ORDER_PRESERVING_REFERENCE
196	MEN-A1-0196	MEN-A1-00196	ORDER_PRESERVING_REFERENCE
197	MEN-A1-0197	MEN-A1-00197	ORDER_PRESERVING_REFERENCE
198	MEN-A1-0198	MEN-A1-00198	ORDER_PRESERVING_REFERENCE
199	MEN-A1-0199	MEN-A1-00199	ORDER_PRESERVING_REFERENCE
200	MEN-A1-0200	MEN-A1-00200	ORDER_PRESERVING_REFERENCE
201	MEN-A1-0201	MEN-A1-00201	ORDER_PRESERVING_REFERENCE
202	MEN-A1-0202	MEN-A1-00202	ORDER_PRESERVING_REFERENCE
203	MEN-A1-0203	MEN-A1-00203	ORDER_PRESERVING_REFERENCE
204	MEN-A1-0204	MEN-A1-00204	ORDER_PRESERVING_REFERENCE
205	MEN-A1-0205	MEN-A1-00205	ORDER_PRESERVING_REFERENCE
206	MEN-A1-0206	MEN-A1-00206	ORDER_PRESERVING_REFERENCE
207	MEN-A1-0207	MEN-A1-00207	ORDER_PRESERVING_REFERENCE
208	MEN-A1-0208	MEN-A1-00208	ORDER_PRESERVING_REFERENCE
209	MEN-A1-0209	MEN-A1-00209	ORDER_PRESERVING_REFERENCE
210	MEN-A1-0210	MEN-A1-00210	ORDER_PRESERVING_REFERENCE
211	MEN-A1-0211	MEN-A1-00211	ORDER_PRESERVING_REFERENCE
212	MEN-A1-0212	MEN-A1-00212	ORDER_PRESERVING_REFERENCE
213	MEN-A1-0213	MEN-A1-00213	ORDER_PRESERVING_REFERENCE
214	MEN-A1-0214	MEN-A1-00214	ORDER_PRESERVING_REFERENCE
215	MEN-A1-0215	MEN-A1-00215	ORDER_PRESERVING_REFERENCE
216	MEN-A1-0216	MEN-A1-00216	ORDER_PRESERVING_REFERENCE
217	MEN-A1-0217	MEN-A1-00217	ORDER_PRESERVING_REFERENCE
218	MEN-A1-0218	MEN-A1-00218	ORDER_PRESERVING_REFERENCE
219	MEN-A1-0219	MEN-A1-00219	ORDER_PRESERVING_REFERENCE
220	MEN-A1-0220	MEN-A1-00220	ORDER_PRESERVING_REFERENCE
221	MEN-A1-0221	MEN-A1-00221	ORDER_PRESERVING_REFERENCE
222	MEN-A1-0222	MEN-A1-00222	ORDER_PRESERVING_REFERENCE
223	MEN-A1-0223	MEN-A1-00223	ORDER_PRESERVING_REFERENCE
224	MEN-A1-0224	MEN-A1-00224	ORDER_PRESERVING_REFERENCE
225	MEN-A1-0225	MEN-A1-00225	ORDER_PRESERVING_REFERENCE
226	MEN-A1-0226	MEN-A1-00226	ORDER_PRESERVING_REFERENCE
227	MEN-A1-0227	MEN-A1-00227	ORDER_PRESERVING_REFERENCE
228	MEN-A1-0228	MEN-A1-00228	ORDER_PRESERVING_REFERENCE
229	MEN-A1-0229	MEN-A1-00229	ORDER_PRESERVING_REFERENCE
230	MEN-A1-0230	MEN-A1-00230	ORDER_PRESERVING_REFERENCE
231	MEN-A1-0231	MEN-A1-00231	ORDER_PRESERVING_REFERENCE
232	MEN-A1-0232	MEN-A1-00232	ORDER_PRESERVING_REFERENCE
233	MEN-A1-0233	MEN-A1-00233	ORDER_PRESERVING_REFERENCE
234	MEN-A1-0234	MEN-A1-00234	ORDER_PRESERVING_REFERENCE
235	MEN-A1-0235	MEN-A1-00235	ORDER_PRESERVING_REFERENCE
236	MEN-A1-0236	MEN-A1-00236	ORDER_PRESERVING_REFERENCE
237	MEN-A1-0237	MEN-A1-00237	ORDER_PRESERVING_REFERENCE
238	MEN-A1-0238	MEN-A1-00238	ORDER_PRESERVING_REFERENCE
239	MEN-A1-0239	MEN-A1-00239	ORDER_PRESERVING_REFERENCE
240	MEN-A1-0240	MEN-A1-00240	ORDER_PRESERVING_REFERENCE
241	MEN-A1-0241	MEN-A1-00241	ORDER_PRESERVING_REFERENCE
242	MEN-A1-0242	MEN-A1-00242	ORDER_PRESERVING_REFERENCE
243	MEN-A1-0243	MEN-A1-00243	ORDER_PRESERVING_REFERENCE
244	MEN-A1-0244	MEN-A1-00244	ORDER_PRESERVING_REFERENCE
245	MEN-A1-0245	MEN-A1-00245	ORDER_PRESERVING_REFERENCE
246	MEN-A1-0246	MEN-A1-00246	ORDER_PRESERVING_REFERENCE
247	MEN-A1-0247	MEN-A1-00247	ORDER_PRESERVING_REFERENCE
248	MEN-A1-0248	MEN-A1-00248	ORDER_PRESERVING_REFERENCE
249	MEN-A1-0249	MEN-A1-00249	ORDER_PRESERVING_REFERENCE
250	MEN-A1-0250	MEN-A1-00250	ORDER_PRESERVING_REFERENCE
251	MEN-A1-0251	MEN-A1-00251	ORDER_PRESERVING_REFERENCE
252	MEN-A1-0252	MEN-A1-00252	ORDER_PRESERVING_REFERENCE
253	MEN-A1-0253	MEN-A1-00253	ORDER_PRESERVING_REFERENCE
254	MEN-A1-0254	MEN-A1-00254	ORDER_PRESERVING_REFERENCE
255	MEN-A1-0255	MEN-A1-00255	ORDER_PRESERVING_REFERENCE
256	MEN-A1-0256	MEN-A1-00256	ORDER_PRESERVING_REFERENCE
257	MEN-A1-0257	MEN-A1-00257	ORDER_PRESERVING_REFERENCE
258	MEN-A1-0258	MEN-A1-00258	ORDER_PRESERVING_REFERENCE
259	MEN-A1-0259	MEN-A1-00259	ORDER_PRESERVING_REFERENCE
260	MEN-A1-0260	MEN-A1-00260	ORDER_PRESERVING_REFERENCE
261	MEN-A1-0261	MEN-A1-00261	ORDER_PRESERVING_REFERENCE
262	MEN-A1-0262	MEN-A1-00262	ORDER_PRESERVING_REFERENCE
263	MEN-A1-0263	MEN-A1-00263	ORDER_PRESERVING_REFERENCE
264	MEN-A1-0264	MEN-A1-00264	ORDER_PRESERVING_REFERENCE
265	MEN-A1-0265	MEN-A1-00265	ORDER_PRESERVING_REFERENCE
266	MEN-A1-0266	MEN-A1-00266	ORDER_PRESERVING_REFERENCE
267	MEN-A1-0267	MEN-A1-00267	ORDER_PRESERVING_REFERENCE
268	MEN-A1-0268	MEN-A1-00268	ORDER_PRESERVING_REFERENCE
269	MEN-A1-0269	MEN-A1-00269	ORDER_PRESERVING_REFERENCE
270	MEN-A1-0270	MEN-A1-00270	ORDER_PRESERVING_REFERENCE
271	MEN-A1-0271	MEN-A1-00271	ORDER_PRESERVING_REFERENCE
272	MEN-A1-0272	MEN-A1-00272	ORDER_PRESERVING_REFERENCE
273	MEN-A1-0273	MEN-A1-00273	ORDER_PRESERVING_REFERENCE
274	MEN-A1-0274	MEN-A1-00274	ORDER_PRESERVING_REFERENCE
275	MEN-A1-0275	MEN-A1-00275	ORDER_PRESERVING_REFERENCE
276	MEN-A1-0276	MEN-A1-00276	ORDER_PRESERVING_REFERENCE
