source_order	canonical_unit_id	legacy_id_reference	image_index	source_image	source_image_sha256	row_in_image	visual_label_transcription	source_binding_status	raw_full_row_transcription_status
1	MEN-A1-00001	MEN-A1-0001	1	Screenshot 2026-07-29 102200(20260901-125813).png	c5f3f56000f12c3c1d9fbc295c1688781974622d72b29f7ccff082e060e530fc	1	überlegen	IMAGE_BOUND	PENDING_FIELD_LEVEL_EXTRACTION
2	MEN-A1-00002	MEN-A1-0002	1	Screenshot 2026-07-29 102200(20260901-125813).png	c5f3f56000f12c3c1d9fbc295c1688781974622d72b29f7ccff082e060e530fc	2	hören	IMAGE_BOUND	PENDING_FIELD_LEVEL_EXTRACTION
3	MEN-A1-00003	MEN-A1-0003	1	Screenshot 2026-07-29 102200(20260901-125813).png	c5f3f56000f12c3c1d9fbc295c1688781974622d72b29f7ccff082e060e530fc	3	lesen	IMAGE_BOUND	PENDING_FIELD_LEVEL_EXTRACTION
4	MEN-A1-00004	MEN-A1-0004	1	Screenshot 2026-07-29 102200(20260901-125813).png	c5f3f56000f12c3c1d9fbc295c1688781974622d72b29f7ccff082e060e530fc	4	sprechen	IMAGE_BOUND	PENDING_FIELD_LEVEL_EXTRACTION
5	MEN-A1-00005	MEN-A1-0005	1	Screenshot 2026-07-29 102200(20260901-125813).png	c5f3f56000f12c3c1d9fbc295c1688781974622d72b29f7ccff082e060e530fc	5	fragen	IMAGE_BOUND	PENDING_FIELD_LEVEL_EXTRACTION
6	MEN-A1-00006	MEN-A1-0006	1	Screenshot 2026-07-29 102200(20260901-125813).png	c5f3f56000f12c3c1d9fbc295c1688781974622d72b29f7ccff082e060e530fc	6	ergänzen	IMAGE_BOUND	PENDING_FIELD_LEVEL_EXTRACTION
7	MEN-A1-00007	MEN-A1-0007	1	Screenshot 2026-07-29 102200(20260901-125813).png	c5f3f56000f12c3c1d9fbc295c1688781974622d72b29f7ccff082e060e530fc	7	zeichnen	IMAGE_BOUND	PENDING_FIELD_LEVEL_EXTRACTION
8	MEN-A1-00008	MEN-A1-0008	1	Screenshot 2026-07-29 102200(20260901-125813).png	c5f3f56000f12c3c1d9fbc295c1688781974622d72b29f7ccff082e060e530fc	8	schreiben	IMAGE_BOUND	PENDING_FIELD_LEVEL_EXTRACTION
9	MEN-A1-00009	MEN-A1-0009	1	Screenshot 2026-07-29 102200(20260901-125813).png	c5f3f56000f12c3c1d9fbc295c1688781974622d72b29f7ccff082e060e530fc	9	spielen	IMAGE_BOUND	PENDING_FIELD_LEVEL_EXTRACTION
10	MEN-A1-00010	MEN-A1-0010	1	Screenshot 2026-07-29 102200(20260901-125813).png	c5f3f56000f12c3c1d9fbc295c1688781974622d72b29f7ccff082e060e530fc	10	zeigen	IMAGE_BOUND	PENDING_FIELD_LEVEL_EXTRACTION
11	MEN-A1-00011	MEN-A1-0011	1	Screenshot 2026-07-29 102200(20260901-125813).png	c5f3f56000f12c3c1d9fbc295c1688781974622d72b29f7ccff082e060e530fc	11	markieren	IMAGE_BOUND	PENDING_FIELD_LEVEL_EXTRACTION
12	MEN-A1-00012	MEN-A1-0012	1	Screenshot 2026-07-29 102200(20260901-125813).png	c5f3f56000f12c3c1d9fbc295c1688781974622d72b29f7ccff082e060e530fc	12	sein	IMAGE_BOUND	PENDING_FIELD_LEVEL_EXTRACTION
13	MEN-A1-00013	MEN-A1-0013	1	Screenshot 2026-07-29 102200(20260901-125813).png	c5f3f56000f12c3c1d9fbc295c1688781974622d72b29f7ccff082e060e530fc	13	studieren	IMAGE_BOUND	PENDING_FIELD_LEVEL_EXTRACTION
14	MEN-A1-00014	MEN-A1-0014	1	Screenshot 2026-07-29 102200(20260901-125813).png	c5f3f56000f12c3c1d9fbc295c1688781974622d72b29f7ccff082e060e530fc	14	leben	IMAGE_BOUND	PENDING_FIELD_LEVEL_EXTRACTION
15	MEN-A1-00015	MEN-A1-0015	1	Screenshot 2026-07-29 102200(20260901-125813).png	c5f3f56000f12c3c1d9fbc295c1688781974622d72b29f7ccff082e060e530fc	15	verheiraten	IMAGE_BOUND	PENDING_FIELD_LEVEL_EXTRACTION
16	MEN-A1-00016	MEN-A1-0016	1	Screenshot 2026-07-29 102200(20260901-125813).png	c5f3f56000f12c3c1d9fbc295c1688781974622d72b29f7ccff082e060e530fc	16	sich verlieben	IMAGE_BOUND	PENDING_FIELD_LEVEL_EXTRACTION
17	MEN-A1-00017	MEN-A1-0017	1	Screenshot 2026-07-29 102200(20260901-125813).png	c5f3f56000f12c3c1d9fbc295c1688781974622d72b29f7ccff082e060e530fc	17	haben	IMAGE_BOUND	PENDING_FIELD_LEVEL_EXTRACTION
18	MEN-A1-00018	MEN-A1-0018	1	Screenshot 2026-07-29 102200(20260901-125813).png	c5f3f56000f12c3c1d9fbc295c1688781974622d72b29f7ccff082e060e530fc	18	machen	IMAGE_BOUND	PENDING_FIELD_LEVEL_EXTRACTION
19	MEN-A1-00019	MEN-A1-0019	1	Screenshot 2026-07-29 102200(20260901-125813).png	c5f3f56000f12c3c1d9fbc295c1688781974622d72b29f7ccff082e060e530fc	19	zahlen	IMAGE_BOUND	PENDING_FIELD_LEVEL_EXTRACTION
20	MEN-A1-00020	MEN-A1-0020	1	Screenshot 2026-07-29 102200(20260901-125813).png	c5f3f56000f12c3c1d9fbc295c1688781974622d72b29f7ccff082e060e530fc	20	zählen	IMAGE_BOUND	PENDING_FIELD_LEVEL_EXTRACTION
21	MEN-A1-00021	MEN-A1-0021	1	Screenshot 2026-07-29 102200(20260901-125813).png	c5f3f56000f12c3c1d9fbc295c1688781974622d72b29f7ccff082e060e530fc	21	bitten um	IMAGE_BOUND	PENDING_FIELD_LEVEL_EXTRACTION
22	MEN-A1-00022	MEN-A1-0022	1	Screenshot 2026-07-29 102200(20260901-125813).png	c5f3f56000f12c3c1d9fbc295c1688781974622d72b29f7ccff082e060e530fc	22	kosten	IMAGE_BOUND	PENDING_FIELD_LEVEL_EXTRACTION
23	MEN-A1-00023	MEN-A1-0023	1	Screenshot 2026-07-29 102200(20260901-125813).png	c5f3f56000f12c3c1d9fbc295c1688781974622d72b29f7ccff082e060e530fc	23	helfen	IMAGE_BOUND	PENDING_FIELD_LEVEL_EXTRACTION
24	MEN-A1-00024	MEN-A1-0024	1	Screenshot 2026-07-29 102200(20260901-125813).png	c5f3f56000f12c3c1d9fbc295c1688781974622d72b29f7ccff082e060e530fc	24	brauchen	IMAGE_BOUND	PENDING_FIELD_LEVEL_EXTRACTION
25	MEN-A1-00025	MEN-A1-0025	1	Screenshot 2026-07-29 102200(20260901-125813).png	c5f3f56000f12c3c1d9fbc295c1688781974622d72b29f7ccff082e060e530fc	25	finden	IMAGE_BOUND	PENDING_FIELD_LEVEL_EXTRACTION
26	MEN-A1-00026	MEN-A1-0026	1	Screenshot 2026-07-29 102200(20260901-125813).png	c5f3f56000f12c3c1d9fbc295c1688781974622d72b29f7ccff082e060e530fc	26	sagen	IMAGE_BOUND	PENDING_FIELD_LEVEL_EXTRACTION
27	MEN-A1-00027	MEN-A1-0027	1	Screenshot 2026-07-29 102200(20260901-125813).png	c5f3f56000f12c3c1d9fbc295c1688781974622d72b29f7ccff082e060e530fc	27	bieten	IMAGE_BOUND	PENDING_FIELD_LEVEL_EXTRACTION
28	MEN-A1-00028	MEN-A1-0028	1	Screenshot 2026-07-29 102200(20260901-125813).png	c5f3f56000f12c3c1d9fbc295c1688781974622d72b29f7ccff082e060e530fc	28	fehlen	IMAGE_BOUND	PENDING_FIELD_LEVEL_EXTRACTION
29	MEN-A1-00029	MEN-A1-0029	1	Screenshot 2026-07-29 102200(20260901-125813).png	c5f3f56000f12c3c1d9fbc295c1688781974622d72b29f7ccff082e060e530fc	29	versteigern	IMAGE_BOUND	PENDING_FIELD_LEVEL_EXTRACTION
30	MEN-A1-00030	MEN-A1-0030	1	Screenshot 2026-07-29 102200(20260901-125813).png	c5f3f56000f12c3c1d9fbc295c1688781974622d72b29f7ccff082e060e530fc	30	gehen	IMAGE_BOUND	PENDING_FIELD_LEVEL_EXTRACTION
31	MEN-A1-00031	MEN-A1-0031	2	Screenshot 2026-07-29 102215(8).png	ae489c5240739384c45646bb434c9862f31593f1661bb860bfd6bb02fc8a3859	1	suchen	IMAGE_BOUND	PENDING_FIELD_LEVEL_EXTRACTION
32	MEN-A1-00032	MEN-A1-0032	2	Screenshot 2026-07-29 102215(8).png	ae489c5240739384c45646bb434c9862f31593f1661bb860bfd6bb02fc8a3859	2	besuchen	IMAGE_BOUND	PENDING_FIELD_LEVEL_EXTRACTION
33	MEN-A1-00033	MEN-A1-0033	2	Screenshot 2026-07-29 102215(8).png	ae489c5240739384c45646bb434c9862f31593f1661bb860bfd6bb02fc8a3859	3	backen	IMAGE_BOUND	PENDING_FIELD_LEVEL_EXTRACTION
34	MEN-A1-00034	MEN-A1-0034	2	Screenshot 2026-07-29 102215(8).png	ae489c5240739384c45646bb434c9862f31593f1661bb860bfd6bb02fc8a3859	4	treffen	IMAGE_BOUND	PENDING_FIELD_LEVEL_EXTRACTION
35	MEN-A1-00035	MEN-A1-0035	2	Screenshot 2026-07-29 102215(8).png	ae489c5240739384c45646bb434c9862f31593f1661bb860bfd6bb02fc8a3859	5	sich treffen	IMAGE_BOUND	PENDING_FIELD_LEVEL_EXTRACTION
36	MEN-A1-00036	MEN-A1-0036	2	Screenshot 2026-07-29 102215(8).png	ae489c5240739384c45646bb434c9862f31593f1661bb860bfd6bb02fc8a3859	6	kochen	IMAGE_BOUND	PENDING_FIELD_LEVEL_EXTRACTION
37	MEN-A1-00037	MEN-A1-0037	2	Screenshot 2026-07-29 102215(8).png	ae489c5240739384c45646bb434c9862f31593f1661bb860bfd6bb02fc8a3859	7	lieben	IMAGE_BOUND	PENDING_FIELD_LEVEL_EXTRACTION
38	MEN-A1-00038	MEN-A1-0038	2	Screenshot 2026-07-29 102215(8).png	ae489c5240739384c45646bb434c9862f31593f1661bb860bfd6bb02fc8a3859	8	malen	IMAGE_BOUND	PENDING_FIELD_LEVEL_EXTRACTION
39	MEN-A1-00039	MEN-A1-0039	2	Screenshot 2026-07-29 102215(8).png	ae489c5240739384c45646bb434c9862f31593f1661bb860bfd6bb02fc8a3859	9	Rad fahren	IMAGE_BOUND	PENDING_FIELD_LEVEL_EXTRACTION
40	MEN-A1-00040	MEN-A1-0040	2	Screenshot 2026-07-29 102215(8).png	ae489c5240739384c45646bb434c9862f31593f1661bb860bfd6bb02fc8a3859	10	schwimmen	IMAGE_BOUND	PENDING_FIELD_LEVEL_EXTRACTION
41	MEN-A1-00041	MEN-A1-0041	2	Screenshot 2026-07-29 102215(8).png	ae489c5240739384c45646bb434c9862f31593f1661bb860bfd6bb02fc8a3859	11	singen	IMAGE_BOUND	PENDING_FIELD_LEVEL_EXTRACTION
42	MEN-A1-00042	MEN-A1-0042	2	Screenshot 2026-07-29 102215(8).png	ae489c5240739384c45646bb434c9862f31593f1661bb860bfd6bb02fc8a3859	12	spazieren gehen	IMAGE_BOUND	PENDING_FIELD_LEVEL_EXTRACTION
43	MEN-A1-00043	MEN-A1-0043	2	Screenshot 2026-07-29 102215(8).png	ae489c5240739384c45646bb434c9862f31593f1661bb860bfd6bb02fc8a3859	13	bummeln	IMAGE_BOUND	PENDING_FIELD_LEVEL_EXTRACTION
44	MEN-A1-00044	MEN-A1-0044	2	Screenshot 2026-07-29 102215(8).png	ae489c5240739384c45646bb434c9862f31593f1661bb860bfd6bb02fc8a3859	14	wandern	IMAGE_BOUND	PENDING_FIELD_LEVEL_EXTRACTION
45	MEN-A1-00045	MEN-A1-0045	2	Screenshot 2026-07-29 102215(8).png	ae489c5240739384c45646bb434c9862f31593f1661bb860bfd6bb02fc8a3859	15	tanzen	IMAGE_BOUND	PENDING_FIELD_LEVEL_EXTRACTION
46	MEN-A1-00046	MEN-A1-0046	2	Screenshot 2026-07-29 102215(8).png	ae489c5240739384c45646bb434c9862f31593f1661bb860bfd6bb02fc8a3859	16	können	IMAGE_BOUND	PENDING_FIELD_LEVEL_EXTRACTION
47	MEN-A1-00047	MEN-A1-0047	2	Screenshot 2026-07-29 102215(8).png	ae489c5240739384c45646bb434c9862f31593f1661bb860bfd6bb02fc8a3859	17	rauchen	IMAGE_BOUND	PENDING_FIELD_LEVEL_EXTRACTION
48	MEN-A1-00048	MEN-A1-0048	2	Screenshot 2026-07-29 102215(8).png	ae489c5240739384c45646bb434c9862f31593f1661bb860bfd6bb02fc8a3859	18	verwenden	IMAGE_BOUND	PENDING_FIELD_LEVEL_EXTRACTION
49	MEN-A1-00049	MEN-A1-0049	2	Screenshot 2026-07-29 102215(8).png	ae489c5240739384c45646bb434c9862f31593f1661bb860bfd6bb02fc8a3859	19	sich bedanken	IMAGE_BOUND	PENDING_FIELD_LEVEL_EXTRACTION
50	MEN-A1-00050	MEN-A1-0050	2	Screenshot 2026-07-29 102215(8).png	ae489c5240739384c45646bb434c9862f31593f1661bb860bfd6bb02fc8a3859	20	chatten	IMAGE_BOUND	PENDING_FIELD_LEVEL_EXTRACTION
51	MEN-A1-00051	MEN-A1-0051	2	Screenshot 2026-07-29 102215(8).png	ae489c5240739384c45646bb434c9862f31593f1661bb860bfd6bb02fc8a3859	21	sehen	IMAGE_BOUND	PENDING_FIELD_LEVEL_EXTRACTION
52	MEN-A1-00052	MEN-A1-0052	2	Screenshot 2026-07-29 102215(8).png	ae489c5240739384c45646bb434c9862f31593f1661bb860bfd6bb02fc8a3859	22	nach jdm./etw. sehen	IMAGE_BOUND	PENDING_FIELD_LEVEL_EXTRACTION
53	MEN-A1-00053	MEN-A1-0053	2	Screenshot 2026-07-29 102215(8).png	ae489c5240739384c45646bb434c9862f31593f1661bb860bfd6bb02fc8a3859	23	wissen	IMAGE_BOUND	PENDING_FIELD_LEVEL_EXTRACTION
54	MEN-A1-00054	MEN-A1-0054	2	Screenshot 2026-07-29 102215(8).png	ae489c5240739384c45646bb434c9862f31593f1661bb860bfd6bb02fc8a3859	24	von etw. wissen	IMAGE_BOUND	PENDING_FIELD_LEVEL_EXTRACTION
55	MEN-A1-00055	MEN-A1-0055	2	Screenshot 2026-07-29 102215(8).png	ae489c5240739384c45646bb434c9862f31593f1661bb860bfd6bb02fc8a3859	25	absagen	IMAGE_BOUND	PENDING_FIELD_LEVEL_EXTRACTION
56	MEN-A1-00056	MEN-A1-0056	2	Screenshot 2026-07-29 102215(8).png	ae489c5240739384c45646bb434c9862f31593f1661bb860bfd6bb02fc8a3859	26	betreffen	IMAGE_BOUND	PENDING_FIELD_LEVEL_EXTRACTION
57	MEN-A1-00057	MEN-A1-0057	2	Screenshot 2026-07-29 102215(8).png	ae489c5240739384c45646bb434c9862f31593f1661bb860bfd6bb02fc8a3859	27	vorschlagen	IMAGE_BOUND	PENDING_FIELD_LEVEL_EXTRACTION
58	MEN-A1-00058	MEN-A1-0058	2	Screenshot 2026-07-29 102215(8).png	ae489c5240739384c45646bb434c9862f31593f1661bb860bfd6bb02fc8a3859	28	tauschen	IMAGE_BOUND	PENDING_FIELD_LEVEL_EXTRACTION
59	MEN-A1-00059	MEN-A1-0059	2	Screenshot 2026-07-29 102215(8).png	ae489c5240739384c45646bb434c9862f31593f1661bb860bfd6bb02fc8a3859	29	etw. gegen etw. tauschen	IMAGE_BOUND	PENDING_FIELD_LEVEL_EXTRACTION
60	MEN-A1-00060	MEN-A1-0060	2	Screenshot 2026-07-29 102215(8).png	ae489c5240739384c45646bb434c9862f31593f1661bb860bfd6bb02fc8a3859	30	korrigieren	IMAGE_BOUND	PENDING_FIELD_LEVEL_EXTRACTION
61	MEN-A1-00061	MEN-A1-0061	3	Screenshot 2026-07-29 102229(8).png	7fa291d5a4655b55f78030f2916180eedb8504b16c443c5be0d5377ffb724918	1	essen	IMAGE_BOUND	PENDING_FIELD_LEVEL_EXTRACTION
62	MEN-A1-00062	MEN-A1-0062	3	Screenshot 2026-07-29 102229(8).png	7fa291d5a4655b55f78030f2916180eedb8504b16c443c5be0d5377ffb724918	2	mögen	IMAGE_BOUND	PENDING_FIELD_LEVEL_EXTRACTION
63	MEN-A1-00063	MEN-A1-0063	3	Screenshot 2026-07-29 102229(8).png	7fa291d5a4655b55f78030f2916180eedb8504b16c443c5be0d5377ffb724918	3	trinken	IMAGE_BOUND	PENDING_FIELD_LEVEL_EXTRACTION
64	MEN-A1-00064	MEN-A1-0064	3	Screenshot 2026-07-29 102229(8).png	7fa291d5a4655b55f78030f2916180eedb8504b16c443c5be0d5377ffb724918	4	auf jdn./etw. trinken	IMAGE_BOUND	PENDING_FIELD_LEVEL_EXTRACTION
65	MEN-A1-00065	MEN-A1-0065	3	Screenshot 2026-07-29 102229(8).png	7fa291d5a4655b55f78030f2916180eedb8504b16c443c5be0d5377ffb724918	5	kennen	IMAGE_BOUND	PENDING_FIELD_LEVEL_EXTRACTION
66	MEN-A1-00066	MEN-A1-0066	3	Screenshot 2026-07-29 102229(8).png	7fa291d5a4655b55f78030f2916180eedb8504b16c443c5be0d5377ffb724918	6	kennenlernen	IMAGE_BOUND	PENDING_FIELD_LEVEL_EXTRACTION
67	MEN-A1-00067	MEN-A1-0067	3	Screenshot 2026-07-29 102229(8).png	7fa291d5a4655b55f78030f2916180eedb8504b16c443c5be0d5377ffb724918	7	sich kennenlernen	IMAGE_BOUND	PENDING_FIELD_LEVEL_EXTRACTION
68	MEN-A1-00068	MEN-A1-0068	3	Screenshot 2026-07-29 102229(8).png	7fa291d5a4655b55f78030f2916180eedb8504b16c443c5be0d5377ffb724918	8	verkehren	IMAGE_BOUND	PENDING_FIELD_LEVEL_EXTRACTION
69	MEN-A1-00069	MEN-A1-0069	3	Screenshot 2026-07-29 102229(8).png	7fa291d5a4655b55f78030f2916180eedb8504b16c443c5be0d5377ffb724918	9	abfahren	IMAGE_BOUND	PENDING_FIELD_LEVEL_EXTRACTION
70	MEN-A1-00070	MEN-A1-0070	3	Screenshot 2026-07-29 102229(8).png	7fa291d5a4655b55f78030f2916180eedb8504b16c443c5be0d5377ffb724918	10	abholen	IMAGE_BOUND	PENDING_FIELD_LEVEL_EXTRACTION
71	MEN-A1-00071	MEN-A1-0071	3	Screenshot 2026-07-29 102229(8).png	7fa291d5a4655b55f78030f2916180eedb8504b16c443c5be0d5377ffb724918	11	holen	IMAGE_BOUND	PENDING_FIELD_LEVEL_EXTRACTION
72	MEN-A1-00072	MEN-A1-0072	3	Screenshot 2026-07-29 102229(8).png	7fa291d5a4655b55f78030f2916180eedb8504b16c443c5be0d5377ffb724918	12	ankommen	IMAGE_BOUND	PENDING_FIELD_LEVEL_EXTRACTION
73	MEN-A1-00073	MEN-A1-0073	3	Screenshot 2026-07-29 102229(8).png	7fa291d5a4655b55f78030f2916180eedb8504b16c443c5be0d5377ffb724918	13	aussteigen	IMAGE_BOUND	PENDING_FIELD_LEVEL_EXTRACTION
74	MEN-A1-00074	MEN-A1-0074	3	Screenshot 2026-07-29 102229(8).png	7fa291d5a4655b55f78030f2916180eedb8504b16c443c5be0d5377ffb724918	14	einsteigen	IMAGE_BOUND	PENDING_FIELD_LEVEL_EXTRACTION
75	MEN-A1-00075	MEN-A1-0075	3	Screenshot 2026-07-29 102229(8).png	7fa291d5a4655b55f78030f2916180eedb8504b16c443c5be0d5377ffb724918	15	umsteigen	IMAGE_BOUND	PENDING_FIELD_LEVEL_EXTRACTION
76	MEN-A1-00076	MEN-A1-0076	3	Screenshot 2026-07-29 102229(8).png	7fa291d5a4655b55f78030f2916180eedb8504b16c443c5be0d5377ffb724918	16	anrufen	IMAGE_BOUND	PENDING_FIELD_LEVEL_EXTRACTION
77	MEN-A1-00077	MEN-A1-0077	3	Screenshot 2026-07-29 102229(8).png	7fa291d5a4655b55f78030f2916180eedb8504b16c443c5be0d5377ffb724918	17	einkaufen	IMAGE_BOUND	PENDING_FIELD_LEVEL_EXTRACTION
78	MEN-A1-00078	MEN-A1-0078	3	Screenshot 2026-07-29 102229(8).png	7fa291d5a4655b55f78030f2916180eedb8504b16c443c5be0d5377ffb724918	18	fernsehen	IMAGE_BOUND	PENDING_FIELD_LEVEL_EXTRACTION
79	MEN-A1-00079	MEN-A1-0079	3	Screenshot 2026-07-29 102229(8).png	7fa291d5a4655b55f78030f2916180eedb8504b16c443c5be0d5377ffb724918	19	mitbringen	IMAGE_BOUND	PENDING_FIELD_LEVEL_EXTRACTION
80	MEN-A1-00080	MEN-A1-0080	3	Screenshot 2026-07-29 102229(8).png	7fa291d5a4655b55f78030f2916180eedb8504b16c443c5be0d5377ffb724918	20	nehmen	IMAGE_BOUND	PENDING_FIELD_LEVEL_EXTRACTION
81	MEN-A1-00081	MEN-A1-0081	3	Screenshot 2026-07-29 102229(8).png	7fa291d5a4655b55f78030f2916180eedb8504b16c443c5be0d5377ffb724918	21	durchsagen	IMAGE_BOUND	PENDING_FIELD_LEVEL_EXTRACTION
82	MEN-A1-00082	MEN-A1-0082	3	Screenshot 2026-07-29 102229(8).png	7fa291d5a4655b55f78030f2916180eedb8504b16c443c5be0d5377ffb724918	22	schließen aus	IMAGE_BOUND	PENDING_FIELD_LEVEL_EXTRACTION
83	MEN-A1-00083	MEN-A1-0083	3	Screenshot 2026-07-29 102229(8).png	7fa291d5a4655b55f78030f2916180eedb8504b16c443c5be0d5377ffb724918	23	üben	IMAGE_BOUND	PENDING_FIELD_LEVEL_EXTRACTION
84	MEN-A1-00084	MEN-A1-0084	3	Screenshot 2026-07-29 102229(8).png	7fa291d5a4655b55f78030f2916180eedb8504b16c443c5be0d5377ffb724918	24	aufräumen	IMAGE_BOUND	PENDING_FIELD_LEVEL_EXTRACTION
85	MEN-A1-00085	MEN-A1-0085	3	Screenshot 2026-07-29 102229(8).png	7fa291d5a4655b55f78030f2916180eedb8504b16c443c5be0d5377ffb724918	25	einladen	IMAGE_BOUND	PENDING_FIELD_LEVEL_EXTRACTION
86	MEN-A1-00086	MEN-A1-0086	3	Screenshot 2026-07-29 102229(8).png	7fa291d5a4655b55f78030f2916180eedb8504b16c443c5be0d5377ffb724918	26	jdn. zu etw. einladen	IMAGE_BOUND	PENDING_FIELD_LEVEL_EXTRACTION
87	MEN-A1-00087	MEN-A1-0087	3	Screenshot 2026-07-29 102229(8).png	7fa291d5a4655b55f78030f2916180eedb8504b16c443c5be0d5377ffb724918	27	lachen	IMAGE_BOUND	PENDING_FIELD_LEVEL_EXTRACTION
88	MEN-A1-00088	MEN-A1-0088	3	Screenshot 2026-07-29 102229(8).png	7fa291d5a4655b55f78030f2916180eedb8504b16c443c5be0d5377ffb724918	28	über etw. lachen	IMAGE_BOUND	PENDING_FIELD_LEVEL_EXTRACTION
89	MEN-A1-00089	MEN-A1-0089	3	Screenshot 2026-07-29 102229(8).png	7fa291d5a4655b55f78030f2916180eedb8504b16c443c5be0d5377ffb724918	29	lernen	IMAGE_BOUND	PENDING_FIELD_LEVEL_EXTRACTION
90	MEN-A1-00090	MEN-A1-0090	3	Screenshot 2026-07-29 102229(8).png	7fa291d5a4655b55f78030f2916180eedb8504b16c443c5be0d5377ffb724918	30	reden	IMAGE_BOUND	PENDING_FIELD_LEVEL_EXTRACTION
91	MEN-A1-00091	MEN-A1-0091	4	Screenshot 2026-07-29 102246(8).png	eed67949e51437cb9bdff583afa9a1684d5dffb0104e82b2c8c6e6b24cd8e435	1	schlafen	IMAGE_BOUND	PENDING_FIELD_LEVEL_EXTRACTION
92	MEN-A1-00092	MEN-A1-0092	4	Screenshot 2026-07-29 102246(8).png	eed67949e51437cb9bdff583afa9a1684d5dffb0104e82b2c8c6e6b24cd8e435	2	weinen	IMAGE_BOUND	PENDING_FIELD_LEVEL_EXTRACTION
93	MEN-A1-00093	MEN-A1-0093	4	Screenshot 2026-07-29 102246(8).png	eed67949e51437cb9bdff583afa9a1684d5dffb0104e82b2c8c6e6b24cd8e435	3	tränen	IMAGE_BOUND	PENDING_FIELD_LEVEL_EXTRACTION
94	MEN-A1-00094	MEN-A1-0094	4	Screenshot 2026-07-29 102246(8).png	eed67949e51437cb9bdff583afa9a1684d5dffb0104e82b2c8c6e6b24cd8e435	4	denken	IMAGE_BOUND	PENDING_FIELD_LEVEL_EXTRACTION
95	MEN-A1-00095	MEN-A1-0095	4	Screenshot 2026-07-29 102246(8).png	eed67949e51437cb9bdff583afa9a1684d5dffb0104e82b2c8c6e6b24cd8e435	5	an jdn./etw. denken	IMAGE_BOUND	PENDING_FIELD_LEVEL_EXTRACTION
96	MEN-A1-00096	MEN-A1-0096	4	Screenshot 2026-07-29 102246(8).png	eed67949e51437cb9bdff583afa9a1684d5dffb0104e82b2c8c6e6b24cd8e435	6	meinen	IMAGE_BOUND	PENDING_FIELD_LEVEL_EXTRACTION
97	MEN-A1-00097	MEN-A1-0097	4	Screenshot 2026-07-29 102246(8).png	eed67949e51437cb9bdff583afa9a1684d5dffb0104e82b2c8c6e6b24cd8e435	7	fliegen	IMAGE_BOUND	PENDING_FIELD_LEVEL_EXTRACTION
98	MEN-A1-00098	MEN-A1-0098	4	Screenshot 2026-07-29 102246(8).png	eed67949e51437cb9bdff583afa9a1684d5dffb0104e82b2c8c6e6b24cd8e435	8	springen	IMAGE_BOUND	PENDING_FIELD_LEVEL_EXTRACTION
99	MEN-A1-00099	MEN-A1-0099	4	Screenshot 2026-07-29 102246(8).png	eed67949e51437cb9bdff583afa9a1684d5dffb0104e82b2c8c6e6b24cd8e435	9	bei jdm. studieren	IMAGE_BOUND	PENDING_FIELD_LEVEL_EXTRACTION
100	MEN-A1-00100	MEN-A1-0100	4	Screenshot 2026-07-29 102246(8).png	eed67949e51437cb9bdff583afa9a1684d5dffb0104e82b2c8c6e6b24cd8e435	10	feiern	IMAGE_BOUND	PENDING_FIELD_LEVEL_EXTRACTION
101	MEN-A1-00101	MEN-A1-0101	4	Screenshot 2026-07-29 102246(8).png	eed67949e51437cb9bdff583afa9a1684d5dffb0104e82b2c8c6e6b24cd8e435	11	anfangen	IMAGE_BOUND	PENDING_FIELD_LEVEL_EXTRACTION
102	MEN-A1-00102	MEN-A1-0102	4	Screenshot 2026-07-29 102246(8).png	eed67949e51437cb9bdff583afa9a1684d5dffb0104e82b2c8c6e6b24cd8e435	12	mit etw. anfangen	IMAGE_BOUND	PENDING_FIELD_LEVEL_EXTRACTION
103	MEN-A1-00103	MEN-A1-0103	4	Screenshot 2026-07-29 102246(8).png	eed67949e51437cb9bdff583afa9a1684d5dffb0104e82b2c8c6e6b24cd8e435	13	aufhören	IMAGE_BOUND	PENDING_FIELD_LEVEL_EXTRACTION
104	MEN-A1-00104	MEN-A1-0104	4	Screenshot 2026-07-29 102246(8).png	eed67949e51437cb9bdff583afa9a1684d5dffb0104e82b2c8c6e6b24cd8e435	14	mit etw. aufhören	IMAGE_BOUND	PENDING_FIELD_LEVEL_EXTRACTION
105	MEN-A1-00105	MEN-A1-0105	4	Screenshot 2026-07-29 102246(8).png	eed67949e51437cb9bdff583afa9a1684d5dffb0104e82b2c8c6e6b24cd8e435	15	dauern	IMAGE_BOUND	PENDING_FIELD_LEVEL_EXTRACTION
106	MEN-A1-00106	MEN-A1-0106	4	Screenshot 2026-07-29 102246(8).png	eed67949e51437cb9bdff583afa9a1684d5dffb0104e82b2c8c6e6b24cd8e435	16	gefallen	IMAGE_BOUND	PENDING_FIELD_LEVEL_EXTRACTION
107	MEN-A1-00107	MEN-A1-0107	4	Screenshot 2026-07-29 102246(8).png	eed67949e51437cb9bdff583afa9a1684d5dffb0104e82b2c8c6e6b24cd8e435	17	geben	IMAGE_BOUND	PENDING_FIELD_LEVEL_EXTRACTION
108	MEN-A1-00108	MEN-A1-0108	4	Screenshot 2026-07-29 102246(8).png	eed67949e51437cb9bdff583afa9a1684d5dffb0104e82b2c8c6e6b24cd8e435	18	stattfinden	IMAGE_BOUND	PENDING_FIELD_LEVEL_EXTRACTION
109	MEN-A1-00109	MEN-A1-0109	4	Screenshot 2026-07-29 102246(8).png	eed67949e51437cb9bdff583afa9a1684d5dffb0104e82b2c8c6e6b24cd8e435	19	beschreiben	IMAGE_BOUND	PENDING_FIELD_LEVEL_EXTRACTION
110	MEN-A1-00110	MEN-A1-0110	4	Screenshot 2026-07-29 102246(8).png	eed67949e51437cb9bdff583afa9a1684d5dffb0104e82b2c8c6e6b24cd8e435	20	abbiegen	IMAGE_BOUND	PENDING_FIELD_LEVEL_EXTRACTION
111	MEN-A1-00111	MEN-A1-0111	4	Screenshot 2026-07-29 102246(8).png	eed67949e51437cb9bdff583afa9a1684d5dffb0104e82b2c8c6e6b24cd8e435	21	weiterfahren	IMAGE_BOUND	PENDING_FIELD_LEVEL_EXTRACTION
112	MEN-A1-00112	MEN-A1-0112	4	Screenshot 2026-07-29 102246(8).png	eed67949e51437cb9bdff583afa9a1684d5dffb0104e82b2c8c6e6b24cd8e435	22	wenden	IMAGE_BOUND	PENDING_FIELD_LEVEL_EXTRACTION
113	MEN-A1-00113	MEN-A1-0113	4	Screenshot 2026-07-29 102246(8).png	eed67949e51437cb9bdff583afa9a1684d5dffb0104e82b2c8c6e6b24cd8e435	23	zurückfahren	IMAGE_BOUND	PENDING_FIELD_LEVEL_EXTRACTION
114	MEN-A1-00114	MEN-A1-0114	4	Screenshot 2026-07-29 102246(8).png	eed67949e51437cb9bdff583afa9a1684d5dffb0104e82b2c8c6e6b24cd8e435	24	anmachen	IMAGE_BOUND	PENDING_FIELD_LEVEL_EXTRACTION
115	MEN-A1-00115	MEN-A1-0115	4	Screenshot 2026-07-29 102246(8).png	eed67949e51437cb9bdff583afa9a1684d5dffb0104e82b2c8c6e6b24cd8e435	25	ausmachen	IMAGE_BOUND	PENDING_FIELD_LEVEL_EXTRACTION
116	MEN-A1-00116	MEN-A1-0116	4	Screenshot 2026-07-29 102246(8).png	eed67949e51437cb9bdff583afa9a1684d5dffb0104e82b2c8c6e6b24cd8e435	26	einschalten	IMAGE_BOUND	PENDING_FIELD_LEVEL_EXTRACTION
117	MEN-A1-00117	MEN-A1-0117	4	Screenshot 2026-07-29 102246(8).png	eed67949e51437cb9bdff583afa9a1684d5dffb0104e82b2c8c6e6b24cd8e435	27	ausschalten	IMAGE_BOUND	PENDING_FIELD_LEVEL_EXTRACTION
118	MEN-A1-00118	MEN-A1-0118	4	Screenshot 2026-07-29 102246(8).png	eed67949e51437cb9bdff583afa9a1684d5dffb0104e82b2c8c6e6b24cd8e435	28	stimmen	IMAGE_BOUND	PENDING_FIELD_LEVEL_EXTRACTION
119	MEN-A1-00119	MEN-A1-0119	4	Screenshot 2026-07-29 102246(8).png	eed67949e51437cb9bdff583afa9a1684d5dffb0104e82b2c8c6e6b24cd8e435	29	für jdn./etw. stimmen	IMAGE_BOUND	PENDING_FIELD_LEVEL_EXTRACTION
120	MEN-A1-00120	MEN-A1-0120	4	Screenshot 2026-07-29 102246(8).png	eed67949e51437cb9bdff583afa9a1684d5dffb0104e82b2c8c6e6b24cd8e435	30	bestimmen	IMAGE_BOUND	PENDING_FIELD_LEVEL_EXTRACTION
121	MEN-A1-00121	MEN-A1-0121	4	Screenshot 2026-07-29 102246(8).png	eed67949e51437cb9bdff583afa9a1684d5dffb0104e82b2c8c6e6b24cd8e435	31	schauen	IMAGE_BOUND	PENDING_FIELD_LEVEL_EXTRACTION
122	MEN-A1-00122	MEN-A1-0122	5	Screenshot 2026-07-29 102302(8).png	e74d5e0955473b6d7955e34f12e9fe6f1f3cbc2939cbcf668eff76b818bd845c	1	vermieten	IMAGE_BOUND	PENDING_FIELD_LEVEL_EXTRACTION
123	MEN-A1-00123	MEN-A1-0123	5	Screenshot 2026-07-29 102302(8).png	e74d5e0955473b6d7955e34f12e9fe6f1f3cbc2939cbcf668eff76b818bd845c	2	mieten	IMAGE_BOUND	PENDING_FIELD_LEVEL_EXTRACTION
124	MEN-A1-00124	MEN-A1-0124	5	Screenshot 2026-07-29 102302(8).png	e74d5e0955473b6d7955e34f12e9fe6f1f3cbc2939cbcf668eff76b818bd845c	3	erzählen	IMAGE_BOUND	PENDING_FIELD_LEVEL_EXTRACTION
125	MEN-A1-00125	MEN-A1-0125	5	Screenshot 2026-07-29 102302(8).png	e74d5e0955473b6d7955e34f12e9fe6f1f3cbc2939cbcf668eff76b818bd845c	4	anbieten	IMAGE_BOUND	PENDING_FIELD_LEVEL_EXTRACTION
126	MEN-A1-00126	MEN-A1-0126	5	Screenshot 2026-07-29 102302(8).png	e74d5e0955473b6d7955e34f12e9fe6f1f3cbc2939cbcf668eff76b818bd845c	5	dringen	IMAGE_BOUND	PENDING_FIELD_LEVEL_EXTRACTION
127	MEN-A1-00127	MEN-A1-0127	5	Screenshot 2026-07-29 102302(8).png	e74d5e0955473b6d7955e34f12e9fe6f1f3cbc2939cbcf668eff76b818bd845c	6	verstecken	IMAGE_BOUND	PENDING_FIELD_LEVEL_EXTRACTION
128	MEN-A1-00128	MEN-A1-0128	5	Screenshot 2026-07-29 102302(8).png	e74d5e0955473b6d7955e34f12e9fe6f1f3cbc2939cbcf668eff76b818bd845c	7	sich verstecken	IMAGE_BOUND	PENDING_FIELD_LEVEL_EXTRACTION
129	MEN-A1-00129	MEN-A1-0129	5	Screenshot 2026-07-29 102302(8).png	e74d5e0955473b6d7955e34f12e9fe6f1f3cbc2939cbcf668eff76b818bd845c	8	sich vor jdm./etw. verstecken	IMAGE_BOUND	PENDING_FIELD_LEVEL_EXTRACTION
130	MEN-A1-00130	MEN-A1-0130	5	Screenshot 2026-07-29 102302(8).png	e74d5e0955473b6d7955e34f12e9fe6f1f3cbc2939cbcf668eff76b818bd845c	9	bewerten	IMAGE_BOUND	PENDING_FIELD_LEVEL_EXTRACTION
131	MEN-A1-00131	MEN-A1-0131	5	Screenshot 2026-07-29 102302(8).png	e74d5e0955473b6d7955e34f12e9fe6f1f3cbc2939cbcf668eff76b818bd845c	10	gehören	IMAGE_BOUND	PENDING_FIELD_LEVEL_EXTRACTION
132	MEN-A1-00132	MEN-A1-0132	5	Screenshot 2026-07-29 102302(8).png	e74d5e0955473b6d7955e34f12e9fe6f1f3cbc2939cbcf668eff76b818bd845c	11	danken	IMAGE_BOUND	PENDING_FIELD_LEVEL_EXTRACTION
133	MEN-A1-00133	MEN-A1-0133	5	Screenshot 2026-07-29 102302(8).png	e74d5e0955473b6d7955e34f12e9fe6f1f3cbc2939cbcf668eff76b818bd845c	12	fällen	IMAGE_BOUND	PENDING_FIELD_LEVEL_EXTRACTION
134	MEN-A1-00134	MEN-A1-0134	5	Screenshot 2026-07-29 102302(8).png	e74d5e0955473b6d7955e34f12e9fe6f1f3cbc2939cbcf668eff76b818bd845c	13	hinkommen	IMAGE_BOUND	PENDING_FIELD_LEVEL_EXTRACTION
135	MEN-A1-00135	MEN-A1-0135	5	Screenshot 2026-07-29 102302(8).png	e74d5e0955473b6d7955e34f12e9fe6f1f3cbc2939cbcf668eff76b818bd845c	14	vergleichen	IMAGE_BOUND	PENDING_FIELD_LEVEL_EXTRACTION
136	MEN-A1-00136	MEN-A1-0136	5	Screenshot 2026-07-29 102302(8).png	e74d5e0955473b6d7955e34f12e9fe6f1f3cbc2939cbcf668eff76b818bd845c	15	sich vergleichen / sich mit jdm./etw. vergleichen	IMAGE_BOUND	PENDING_FIELD_LEVEL_EXTRACTION
137	MEN-A1-00137	MEN-A1-0137	5	Screenshot 2026-07-29 102302(8).png	e74d5e0955473b6d7955e34f12e9fe6f1f3cbc2939cbcf668eff76b818bd845c	16	hinfahren	IMAGE_BOUND	PENDING_FIELD_LEVEL_EXTRACTION
138	MEN-A1-00138	MEN-A1-0138	5	Screenshot 2026-07-29 102302(8).png	e74d5e0955473b6d7955e34f12e9fe6f1f3cbc2939cbcf668eff76b818bd845c	17	Bescheid sagen / Bescheid geben	IMAGE_BOUND	PENDING_FIELD_LEVEL_EXTRACTION
139	MEN-A1-00139	MEN-A1-0139	5	Screenshot 2026-07-29 102302(8).png	e74d5e0955473b6d7955e34f12e9fe6f1f3cbc2939cbcf668eff76b818bd845c	18	bringen	IMAGE_BOUND	PENDING_FIELD_LEVEL_EXTRACTION
140	MEN-A1-00140	MEN-A1-0140	5	Screenshot 2026-07-29 102302(8).png	e74d5e0955473b6d7955e34f12e9fe6f1f3cbc2939cbcf668eff76b818bd845c	19	funktionieren	IMAGE_BOUND	PENDING_FIELD_LEVEL_EXTRACTION
141	MEN-A1-00141	MEN-A1-0141	5	Screenshot 2026-07-29 102302(8).png	e74d5e0955473b6d7955e34f12e9fe6f1f3cbc2939cbcf668eff76b818bd845c	20	sich entspannen	IMAGE_BOUND	PENDING_FIELD_LEVEL_EXTRACTION
142	MEN-A1-00142	MEN-A1-0142	6	Screenshot 2026-07-29 140918(5).png	a597b44e9c8d58f449b890a4b4c372791f73e3204d445aa842d385d74ee220ad	1	wollen	IMAGE_BOUND	PENDING_FIELD_LEVEL_EXTRACTION
143	MEN-A1-00143	MEN-A1-0143	6	Screenshot 2026-07-29 140918(5).png	a597b44e9c8d58f449b890a4b4c372791f73e3204d445aa842d385d74ee220ad	2	komponieren	IMAGE_BOUND	PENDING_FIELD_LEVEL_EXTRACTION
144	MEN-A1-00144	MEN-A1-0144	6	Screenshot 2026-07-29 140918(5).png	a597b44e9c8d58f449b890a4b4c372791f73e3204d445aa842d385d74ee220ad	3	heiraten	IMAGE_BOUND	PENDING_FIELD_LEVEL_EXTRACTION
145	MEN-A1-00145	MEN-A1-0145	6	Screenshot 2026-07-29 140918(5).png	a597b44e9c8d58f449b890a4b4c372791f73e3204d445aa842d385d74ee220ad	4	laufen	IMAGE_BOUND	PENDING_FIELD_LEVEL_EXTRACTION
146	MEN-A1-00146	MEN-A1-0146	6	Screenshot 2026-07-29 140918(5).png	a597b44e9c8d58f449b890a4b4c372791f73e3204d445aa842d385d74ee220ad	5	rennen	IMAGE_BOUND	PENDING_FIELD_LEVEL_EXTRACTION
147	MEN-A1-00147	MEN-A1-0147	6	Screenshot 2026-07-29 140918(5).png	a597b44e9c8d58f449b890a4b4c372791f73e3204d445aa842d385d74ee220ad	6	reisen	IMAGE_BOUND	PENDING_FIELD_LEVEL_EXTRACTION
148	MEN-A1-00148	MEN-A1-0148	6	Screenshot 2026-07-29 140918(5).png	a597b44e9c8d58f449b890a4b4c372791f73e3204d445aa842d385d74ee220ad	7	steigen	IMAGE_BOUND	PENDING_FIELD_LEVEL_EXTRACTION
149	MEN-A1-00149	MEN-A1-0149	6	Screenshot 2026-07-29 140918(5).png	a597b44e9c8d58f449b890a4b4c372791f73e3204d445aa842d385d74ee220ad	8	husten	IMAGE_BOUND	PENDING_FIELD_LEVEL_EXTRACTION
150	MEN-A1-00150	MEN-A1-0150	6	Screenshot 2026-07-29 140918(5).png	a597b44e9c8d58f449b890a4b4c372791f73e3204d445aa842d385d74ee220ad	9	einnehmen	IMAGE_BOUND	PENDING_FIELD_LEVEL_EXTRACTION
151	MEN-A1-00151	MEN-A1-0151	6	Screenshot 2026-07-29 140918(5).png	a597b44e9c8d58f449b890a4b4c372791f73e3204d445aa842d385d74ee220ad	10	wehtun	IMAGE_BOUND	PENDING_FIELD_LEVEL_EXTRACTION
152	MEN-A1-00152	MEN-A1-0152	6	Screenshot 2026-07-29 140918(5).png	a597b44e9c8d58f449b890a4b4c372791f73e3204d445aa842d385d74ee220ad	11	bleiben	IMAGE_BOUND	PENDING_FIELD_LEVEL_EXTRACTION
153	MEN-A1-00153	MEN-A1-0153	6	Screenshot 2026-07-29 140918(5).png	a597b44e9c8d58f449b890a4b4c372791f73e3204d445aa842d385d74ee220ad	12	bei jdm./etw. bleiben	IMAGE_BOUND	PENDING_FIELD_LEVEL_EXTRACTION
154	MEN-A1-00154	MEN-A1-0154	6	Screenshot 2026-07-29 140918(5).png	a597b44e9c8d58f449b890a4b4c372791f73e3204d445aa842d385d74ee220ad	13	sollen	IMAGE_BOUND	PENDING_FIELD_LEVEL_EXTRACTION
155	MEN-A1-00155	MEN-A1-0155	6	Screenshot 2026-07-29 140918(5).png	a597b44e9c8d58f449b890a4b4c372791f73e3204d445aa842d385d74ee220ad	14	niesen	IMAGE_BOUND	PENDING_FIELD_LEVEL_EXTRACTION
156	MEN-A1-00156	MEN-A1-0156	6	Screenshot 2026-07-29 140918(5).png	a597b44e9c8d58f449b890a4b4c372791f73e3204d445aa842d385d74ee220ad	15	vorkommen	IMAGE_BOUND	PENDING_FIELD_LEVEL_EXTRACTION
157	MEN-A1-00157	MEN-A1-0157	6	Screenshot 2026-07-29 140918(5).png	a597b44e9c8d58f449b890a4b4c372791f73e3204d445aa842d385d74ee220ad	16	an jdn./etw. glauben	IMAGE_BOUND	PENDING_FIELD_LEVEL_EXTRACTION
158	MEN-A1-00158	MEN-A1-0158	6	Screenshot 2026-07-29 140918(5).png	a597b44e9c8d58f449b890a4b4c372791f73e3204d445aa842d385d74ee220ad	17	glauben	IMAGE_BOUND	PENDING_FIELD_LEVEL_EXTRACTION
159	MEN-A1-00159	MEN-A1-0159	6	Screenshot 2026-07-29 140918(5).png	a597b44e9c8d58f449b890a4b4c372791f73e3204d445aa842d385d74ee220ad	18	rülpsen	IMAGE_BOUND	PENDING_FIELD_LEVEL_EXTRACTION
160	MEN-A1-00160	MEN-A1-0160	6	Screenshot 2026-07-29 140918(5).png	a597b44e9c8d58f449b890a4b4c372791f73e3204d445aa842d385d74ee220ad	19	aussuchen	IMAGE_BOUND	PENDING_FIELD_LEVEL_EXTRACTION
161	MEN-A1-00161	MEN-A1-0161	6	Screenshot 2026-07-29 140918(5).png	a597b44e9c8d58f449b890a4b4c372791f73e3204d445aa842d385d74ee220ad	20	aussehen	IMAGE_BOUND	PENDING_FIELD_LEVEL_EXTRACTION
162	MEN-A1-00162	MEN-A1-0162	6	Screenshot 2026-07-29 140918(5).png	a597b44e9c8d58f449b890a4b4c372791f73e3204d445aa842d385d74ee220ad	21	sich beschweren	IMAGE_BOUND	PENDING_FIELD_LEVEL_EXTRACTION
163	MEN-A1-00163	MEN-A1-0163	6	Screenshot 2026-07-29 140918(5).png	a597b44e9c8d58f449b890a4b4c372791f73e3204d445aa842d385d74ee220ad	22	sich bei jdm. beschweren	IMAGE_BOUND	PENDING_FIELD_LEVEL_EXTRACTION
164	MEN-A1-00164	MEN-A1-0164	6	Screenshot 2026-07-29 140918(5).png	a597b44e9c8d58f449b890a4b4c372791f73e3204d445aa842d385d74ee220ad	23	sich über jdn./etw. beschweren	IMAGE_BOUND	PENDING_FIELD_LEVEL_EXTRACTION
165	MEN-A1-00165	MEN-A1-0165	6	Screenshot 2026-07-29 140918(5).png	a597b44e9c8d58f449b890a4b4c372791f73e3204d445aa842d385d74ee220ad	24	gebären	IMAGE_BOUND	PENDING_FIELD_LEVEL_EXTRACTION
166	MEN-A1-00166	MEN-A1-0166	6	Screenshot 2026-07-29 140918(5).png	a597b44e9c8d58f449b890a4b4c372791f73e3204d445aa842d385d74ee220ad	25	vergessen	IMAGE_BOUND	PENDING_FIELD_LEVEL_EXTRACTION
167	MEN-A1-00167	MEN-A1-0167	6	Screenshot 2026-07-29 140918(5).png	a597b44e9c8d58f449b890a4b4c372791f73e3204d445aa842d385d74ee220ad	26	erkennen	IMAGE_BOUND	PENDING_FIELD_LEVEL_EXTRACTION
168	MEN-A1-00168	MEN-A1-0168	6	Screenshot 2026-07-29 140918(5).png	a597b44e9c8d58f449b890a4b4c372791f73e3204d445aa842d385d74ee220ad	27	etw. an etw. erkennen / auseinanderhalten	IMAGE_BOUND	PENDING_FIELD_LEVEL_EXTRACTION
169	MEN-A1-00169	MEN-A1-0169	6	Screenshot 2026-07-29 140918(5).png	a597b44e9c8d58f449b890a4b4c372791f73e3204d445aa842d385d74ee220ad	28	entschuldigen	IMAGE_BOUND	PENDING_FIELD_LEVEL_EXTRACTION
170	MEN-A1-00170	MEN-A1-0170	6	Screenshot 2026-07-29 140918(5).png	a597b44e9c8d58f449b890a4b4c372791f73e3204d445aa842d385d74ee220ad	29	sich entschuldigen	IMAGE_BOUND	PENDING_FIELD_LEVEL_EXTRACTION
171	MEN-A1-00171	MEN-A1-0171	6	Screenshot 2026-07-29 140918(5).png	a597b44e9c8d58f449b890a4b4c372791f73e3204d445aa842d385d74ee220ad	30	sich bei jdm. entschuldigen	IMAGE_BOUND	PENDING_FIELD_LEVEL_EXTRACTION
172	MEN-A1-00172	MEN-A1-0172	6	Screenshot 2026-07-29 140918(5).png	a597b44e9c8d58f449b890a4b4c372791f73e3204d445aa842d385d74ee220ad	31	sich für etw. entschuldigen	IMAGE_BOUND	PENDING_FIELD_LEVEL_EXTRACTION
173	MEN-A1-00173	MEN-A1-0173	7	Screenshot 2026-07-29 140937(5).png	f68a5c5e9033ca881caafb3578210aedb5977cb31a09ac509f3762e4866f7938	1	lügen	IMAGE_BOUND	PENDING_FIELD_LEVEL_EXTRACTION
174	MEN-A1-00174	MEN-A1-0174	7	Screenshot 2026-07-29 140937(5).png	f68a5c5e9033ca881caafb3578210aedb5977cb31a09ac509f3762e4866f7938	2	raten	IMAGE_BOUND	PENDING_FIELD_LEVEL_EXTRACTION
175	MEN-A1-00175	MEN-A1-0175	7	Screenshot 2026-07-29 140937(5).png	f68a5c5e9033ca881caafb3578210aedb5977cb31a09ac509f3762e4866f7938	3	reagieren	IMAGE_BOUND	PENDING_FIELD_LEVEL_EXTRACTION
176	MEN-A1-00176	MEN-A1-0176	7	Screenshot 2026-07-29 140937(5).png	f68a5c5e9033ca881caafb3578210aedb5977cb31a09ac509f3762e4866f7938	4	auf etw. reagieren	IMAGE_BOUND	PENDING_FIELD_LEVEL_EXTRACTION
177	MEN-A1-00177	MEN-A1-0177	7	Screenshot 2026-07-29 140937(5).png	f68a5c5e9033ca881caafb3578210aedb5977cb31a09ac509f3762e4866f7938	5	abtrocknen	IMAGE_BOUND	PENDING_FIELD_LEVEL_EXTRACTION
178	MEN-A1-00178	MEN-A1-0178	7	Screenshot 2026-07-29 140937(5).png	f68a5c5e9033ca881caafb3578210aedb5977cb31a09ac509f3762e4866f7938	6	sich abtrocknen	IMAGE_BOUND	PENDING_FIELD_LEVEL_EXTRACTION
179	MEN-A1-00179	MEN-A1-0179	7	Screenshot 2026-07-29 140937(5).png	f68a5c5e9033ca881caafb3578210aedb5977cb31a09ac509f3762e4866f7938	7	abwaschen	IMAGE_BOUND	PENDING_FIELD_LEVEL_EXTRACTION
180	MEN-A1-00180	MEN-A1-0180	7	Screenshot 2026-07-29 140937(5).png	f68a5c5e9033ca881caafb3578210aedb5977cb31a09ac509f3762e4866f7938	8	spülen	IMAGE_BOUND	PENDING_FIELD_LEVEL_EXTRACTION
181	MEN-A1-00181	MEN-A1-0181	7	Screenshot 2026-07-29 140937(5).png	f68a5c5e9033ca881caafb3578210aedb5977cb31a09ac509f3762e4866f7938	9	zumachen	IMAGE_BOUND	PENDING_FIELD_LEVEL_EXTRACTION
182	MEN-A1-00182	MEN-A1-0182	7	Screenshot 2026-07-29 140937(5).png	f68a5c5e9033ca881caafb3578210aedb5977cb31a09ac509f3762e4866f7938	10	aufmachen	IMAGE_BOUND	PENDING_FIELD_LEVEL_EXTRACTION
183	MEN-A1-00183	MEN-A1-0183	7	Screenshot 2026-07-29 140937(5).png	f68a5c5e9033ca881caafb3578210aedb5977cb31a09ac509f3762e4866f7938	11	sich aufmachen	IMAGE_BOUND	PENDING_FIELD_LEVEL_EXTRACTION
184	MEN-A1-00184	MEN-A1-0184	7	Screenshot 2026-07-29 140937(5).png	f68a5c5e9033ca881caafb3578210aedb5977cb31a09ac509f3762e4866f7938	12	runterkommen	IMAGE_BOUND	PENDING_FIELD_LEVEL_EXTRACTION
185	MEN-A1-00185	MEN-A1-0185	7	Screenshot 2026-07-29 140937(5).png	f68a5c5e9033ca881caafb3578210aedb5977cb31a09ac509f3762e4866f7938	13	heraufkommen	IMAGE_BOUND	PENDING_FIELD_LEVEL_EXTRACTION
186	MEN-A1-00186	MEN-A1-0186	7	Screenshot 2026-07-29 140937(5).png	f68a5c5e9033ca881caafb3578210aedb5977cb31a09ac509f3762e4866f7938	14	rausbringen	IMAGE_BOUND	PENDING_FIELD_LEVEL_EXTRACTION
187	MEN-A1-00187	MEN-A1-0187	7	Screenshot 2026-07-29 140937(5).png	f68a5c5e9033ca881caafb3578210aedb5977cb31a09ac509f3762e4866f7938	15	abräumen	IMAGE_BOUND	PENDING_FIELD_LEVEL_EXTRACTION
188	MEN-A1-00188	MEN-A1-0188	7	Screenshot 2026-07-29 140937(5).png	f68a5c5e9033ca881caafb3578210aedb5977cb31a09ac509f3762e4866f7938	16	ausräumen	IMAGE_BOUND	PENDING_FIELD_LEVEL_EXTRACTION
189	MEN-A1-00189	MEN-A1-0189	7	Screenshot 2026-07-29 140937(5).png	f68a5c5e9033ca881caafb3578210aedb5977cb31a09ac509f3762e4866f7938	17	decken	IMAGE_BOUND	PENDING_FIELD_LEVEL_EXTRACTION
190	MEN-A1-00190	MEN-A1-0190	7	Screenshot 2026-07-29 140937(5).png	f68a5c5e9033ca881caafb3578210aedb5977cb31a09ac509f3762e4866f7938	18	bügeln	IMAGE_BOUND	PENDING_FIELD_LEVEL_EXTRACTION
191	MEN-A1-00191	MEN-A1-0191	7	Screenshot 2026-07-29 140937(5).png	f68a5c5e9033ca881caafb3578210aedb5977cb31a09ac509f3762e4866f7938	19	wischen	IMAGE_BOUND	PENDING_FIELD_LEVEL_EXTRACTION
192	MEN-A1-00192	MEN-A1-0192	7	Screenshot 2026-07-29 140937(5).png	f68a5c5e9033ca881caafb3578210aedb5977cb31a09ac509f3762e4866f7938	20	staubsaugen	IMAGE_BOUND	PENDING_FIELD_LEVEL_EXTRACTION
193	MEN-A1-00193	MEN-A1-0193	7	Screenshot 2026-07-29 140937(5).png	f68a5c5e9033ca881caafb3578210aedb5977cb31a09ac509f3762e4866f7938	21	reinkommen	IMAGE_BOUND	PENDING_FIELD_LEVEL_EXTRACTION
194	MEN-A1-00194	MEN-A1-0194	7	Screenshot 2026-07-29 140937(5).png	f68a5c5e9033ca881caafb3578210aedb5977cb31a09ac509f3762e4866f7938	22	hassen	IMAGE_BOUND	PENDING_FIELD_LEVEL_EXTRACTION
195	MEN-A1-00195	MEN-A1-0195	7	Screenshot 2026-07-29 140937(5).png	f68a5c5e9033ca881caafb3578210aedb5977cb31a09ac509f3762e4866f7938	23	wählen	IMAGE_BOUND	PENDING_FIELD_LEVEL_EXTRACTION
196	MEN-A1-00196	MEN-A1-0196	7	Screenshot 2026-07-29 140937(5).png	f68a5c5e9033ca881caafb3578210aedb5977cb31a09ac509f3762e4866f7938	24	achten	IMAGE_BOUND	PENDING_FIELD_LEVEL_EXTRACTION
197	MEN-A1-00197	MEN-A1-0197	7	Screenshot 2026-07-29 140937(5).png	f68a5c5e9033ca881caafb3578210aedb5977cb31a09ac509f3762e4866f7938	25	hupen	IMAGE_BOUND	PENDING_FIELD_LEVEL_EXTRACTION
198	MEN-A1-00198	MEN-A1-0198	7	Screenshot 2026-07-29 140937(5).png	f68a5c5e9033ca881caafb3578210aedb5977cb31a09ac509f3762e4866f7938	26	parken	IMAGE_BOUND	PENDING_FIELD_LEVEL_EXTRACTION
199	MEN-A1-00199	MEN-A1-0199	7	Screenshot 2026-07-29 140937(5).png	f68a5c5e9033ca881caafb3578210aedb5977cb31a09ac509f3762e4866f7938	27	borgen	IMAGE_BOUND	PENDING_FIELD_LEVEL_EXTRACTION
200	MEN-A1-00200	MEN-A1-0200	7	Screenshot 2026-07-29 140937(5).png	f68a5c5e9033ca881caafb3578210aedb5977cb31a09ac509f3762e4866f7938	28	sich etw. von jdm. borgen	IMAGE_BOUND	PENDING_FIELD_LEVEL_EXTRACTION
201	MEN-A1-00201	MEN-A1-0201	7	Screenshot 2026-07-29 140937(5).png	f68a5c5e9033ca881caafb3578210aedb5977cb31a09ac509f3762e4866f7938	29	regeln	IMAGE_BOUND	PENDING_FIELD_LEVEL_EXTRACTION
202	MEN-A1-00202	MEN-A1-0202	7	Screenshot 2026-07-29 140937(5).png	f68a5c5e9033ca881caafb3578210aedb5977cb31a09ac509f3762e4866f7938	30	schieben	IMAGE_BOUND	PENDING_FIELD_LEVEL_EXTRACTION
203	MEN-A1-00203	MEN-A1-0203	8	Screenshot 2026-07-29 140950(5).png	3a1f90683d92267c1d2ba6f7a63bbc8a883fac62e6db0c76b70496c625ef678e	1	anstoßen	IMAGE_BOUND	PENDING_FIELD_LEVEL_EXTRACTION
204	MEN-A1-00204	MEN-A1-0204	8	Screenshot 2026-07-29 140950(5).png	3a1f90683d92267c1d2ba6f7a63bbc8a883fac62e6db0c76b70496c625ef678e	2	stehen bleiben	IMAGE_BOUND	PENDING_FIELD_LEVEL_EXTRACTION
205	MEN-A1-00205	MEN-A1-0205	8	Screenshot 2026-07-29 140950(5).png	3a1f90683d92267c1d2ba6f7a63bbc8a883fac62e6db0c76b70496c625ef678e	3	bestehen bleiben	IMAGE_BOUND	PENDING_FIELD_LEVEL_EXTRACTION
206	MEN-A1-00206	MEN-A1-0206	8	Screenshot 2026-07-29 140950(5).png	3a1f90683d92267c1d2ba6f7a63bbc8a883fac62e6db0c76b70496c625ef678e	4	tragen	IMAGE_BOUND	PENDING_FIELD_LEVEL_EXTRACTION
207	MEN-A1-00207	MEN-A1-0207	8	Screenshot 2026-07-29 140950(5).png	3a1f90683d92267c1d2ba6f7a63bbc8a883fac62e6db0c76b70496c625ef678e	5	baden	IMAGE_BOUND	PENDING_FIELD_LEVEL_EXTRACTION
208	MEN-A1-00208	MEN-A1-0208	8	Screenshot 2026-07-29 140950(5).png	3a1f90683d92267c1d2ba6f7a63bbc8a883fac62e6db0c76b70496c625ef678e	6	dürfen	IMAGE_BOUND	PENDING_FIELD_LEVEL_EXTRACTION
209	MEN-A1-00209	MEN-A1-0209	8	Screenshot 2026-07-29 140950(5).png	3a1f90683d92267c1d2ba6f7a63bbc8a883fac62e6db0c76b70496c625ef678e	7	klingeln	IMAGE_BOUND	PENDING_FIELD_LEVEL_EXTRACTION
210	MEN-A1-00210	MEN-A1-0210	8	Screenshot 2026-07-29 140950(5).png	3a1f90683d92267c1d2ba6f7a63bbc8a883fac62e6db0c76b70496c625ef678e	8	müssen	IMAGE_BOUND	PENDING_FIELD_LEVEL_EXTRACTION
211	MEN-A1-00211	MEN-A1-0211	8	Screenshot 2026-07-29 140950(5).png	3a1f90683d92267c1d2ba6f7a63bbc8a883fac62e6db0c76b70496c625ef678e	9	sitzen	IMAGE_BOUND	PENDING_FIELD_LEVEL_EXTRACTION
212	MEN-A1-00212	MEN-A1-0212	8	Screenshot 2026-07-29 140950(5).png	3a1f90683d92267c1d2ba6f7a63bbc8a883fac62e6db0c76b70496c625ef678e	10	verstehen	IMAGE_BOUND	PENDING_FIELD_LEVEL_EXTRACTION
213	MEN-A1-00213	MEN-A1-0213	8	Screenshot 2026-07-29 140950(5).png	3a1f90683d92267c1d2ba6f7a63bbc8a883fac62e6db0c76b70496c625ef678e	11	erlauben	IMAGE_BOUND	PENDING_FIELD_LEVEL_EXTRACTION
214	MEN-A1-00214	MEN-A1-0214	8	Screenshot 2026-07-29 140950(5).png	3a1f90683d92267c1d2ba6f7a63bbc8a883fac62e6db0c76b70496c625ef678e	12	anlegen	IMAGE_BOUND	PENDING_FIELD_LEVEL_EXTRACTION
215	MEN-A1-00215	MEN-A1-0215	8	Screenshot 2026-07-29 140950(5).png	3a1f90683d92267c1d2ba6f7a63bbc8a883fac62e6db0c76b70496c625ef678e	13	abstimmen	IMAGE_BOUND	PENDING_FIELD_LEVEL_EXTRACTION
216	MEN-A1-00216	MEN-A1-0216	8	Screenshot 2026-07-29 140950(5).png	3a1f90683d92267c1d2ba6f7a63bbc8a883fac62e6db0c76b70496c625ef678e	14	über etw. abstimmen	IMAGE_BOUND	PENDING_FIELD_LEVEL_EXTRACTION
217	MEN-A1-00217	MEN-A1-0217	8	Screenshot 2026-07-29 140950(5).png	3a1f90683d92267c1d2ba6f7a63bbc8a883fac62e6db0c76b70496c625ef678e	15	sich vorstellen	IMAGE_BOUND	PENDING_FIELD_LEVEL_EXTRACTION
218	MEN-A1-00218	MEN-A1-0218	8	Screenshot 2026-07-29 140950(5).png	3a1f90683d92267c1d2ba6f7a63bbc8a883fac62e6db0c76b70496c625ef678e	16	vermuten	IMAGE_BOUND	PENDING_FIELD_LEVEL_EXTRACTION
219	MEN-A1-00219	MEN-A1-0219	8	Screenshot 2026-07-29 140950(5).png	3a1f90683d92267c1d2ba6f7a63bbc8a883fac62e6db0c76b70496c625ef678e	17	aufstehen	IMAGE_BOUND	PENDING_FIELD_LEVEL_EXTRACTION
220	MEN-A1-00220	MEN-A1-0220	8	Screenshot 2026-07-29 140950(5).png	3a1f90683d92267c1d2ba6f7a63bbc8a883fac62e6db0c76b70496c625ef678e	18	anhaben	IMAGE_BOUND	PENDING_FIELD_LEVEL_EXTRACTION
221	MEN-A1-00221	MEN-A1-0221	8	Screenshot 2026-07-29 140950(5).png	3a1f90683d92267c1d2ba6f7a63bbc8a883fac62e6db0c76b70496c625ef678e	19	anziehen	IMAGE_BOUND	PENDING_FIELD_LEVEL_EXTRACTION
222	MEN-A1-00222	MEN-A1-0222	8	Screenshot 2026-07-29 140950(5).png	3a1f90683d92267c1d2ba6f7a63bbc8a883fac62e6db0c76b70496c625ef678e	20	ausziehen	IMAGE_BOUND	PENDING_FIELD_LEVEL_EXTRACTION
223	MEN-A1-00223	MEN-A1-0223	8	Screenshot 2026-07-29 140950(5).png	3a1f90683d92267c1d2ba6f7a63bbc8a883fac62e6db0c76b70496c625ef678e	21	sich ausziehen	IMAGE_BOUND	PENDING_FIELD_LEVEL_EXTRACTION
224	MEN-A1-00224	MEN-A1-0224	8	Screenshot 2026-07-29 140950(5).png	3a1f90683d92267c1d2ba6f7a63bbc8a883fac62e6db0c76b70496c625ef678e	22	entwerfen	IMAGE_BOUND	PENDING_FIELD_LEVEL_EXTRACTION
225	MEN-A1-00225	MEN-A1-0225	8	Screenshot 2026-07-29 140950(5).png	3a1f90683d92267c1d2ba6f7a63bbc8a883fac62e6db0c76b70496c625ef678e	23	wünschen	IMAGE_BOUND	PENDING_FIELD_LEVEL_EXTRACTION
226	MEN-A1-00226	MEN-A1-0226	8	Screenshot 2026-07-29 140950(5).png	3a1f90683d92267c1d2ba6f7a63bbc8a883fac62e6db0c76b70496c625ef678e	24	schneien	IMAGE_BOUND	PENDING_FIELD_LEVEL_EXTRACTION
227	MEN-A1-00227	MEN-A1-0227	8	Screenshot 2026-07-29 140950(5).png	3a1f90683d92267c1d2ba6f7a63bbc8a883fac62e6db0c76b70496c625ef678e	25	regnen	IMAGE_BOUND	PENDING_FIELD_LEVEL_EXTRACTION
228	MEN-A1-00228	MEN-A1-0228	8	Screenshot 2026-07-29 140950(5).png	3a1f90683d92267c1d2ba6f7a63bbc8a883fac62e6db0c76b70496c625ef678e	26	scheinen	IMAGE_BOUND	PENDING_FIELD_LEVEL_EXTRACTION
229	MEN-A1-00229	MEN-A1-0229	8	Screenshot 2026-07-29 140950(5).png	3a1f90683d92267c1d2ba6f7a63bbc8a883fac62e6db0c76b70496c625ef678e	27	wegmachen	IMAGE_BOUND	PENDING_FIELD_LEVEL_EXTRACTION
230	MEN-A1-00230	MEN-A1-0230	8	Screenshot 2026-07-29 140950(5).png	3a1f90683d92267c1d2ba6f7a63bbc8a883fac62e6db0c76b70496c625ef678e	28	blitzen	IMAGE_BOUND	PENDING_FIELD_LEVEL_EXTRACTION
231	MEN-A1-00231	MEN-A1-0231	8	Screenshot 2026-07-29 140950(5).png	3a1f90683d92267c1d2ba6f7a63bbc8a883fac62e6db0c76b70496c625ef678e	29	erleben	IMAGE_BOUND	PENDING_FIELD_LEVEL_EXTRACTION
232	MEN-A1-00232	MEN-A1-0232	8	Screenshot 2026-07-29 140950(5).png	3a1f90683d92267c1d2ba6f7a63bbc8a883fac62e6db0c76b70496c625ef678e	30	sammeln	IMAGE_BOUND	PENDING_FIELD_LEVEL_EXTRACTION
233	MEN-A1-00233	MEN-A1-0233	9	Screenshot 2026-07-29 141002(5).png	f49af5ad8b60c9559a74d25acfa4528b7c622dd5834abcc570bfaa1d94c041e1	1	sich sammeln	IMAGE_BOUND	PENDING_FIELD_LEVEL_EXTRACTION
234	MEN-A1-00234	MEN-A1-0234	9	Screenshot 2026-07-29 141002(5).png	f49af5ad8b60c9559a74d25acfa4528b7c622dd5834abcc570bfaa1d94c041e1	2	klingen	IMAGE_BOUND	PENDING_FIELD_LEVEL_EXTRACTION
235	MEN-A1-00235	MEN-A1-0235	9	Screenshot 2026-07-29 141002(5).png	f49af5ad8b60c9559a74d25acfa4528b7c622dd5834abcc570bfaa1d94c041e1	3	setzen	IMAGE_BOUND	PENDING_FIELD_LEVEL_EXTRACTION
236	MEN-A1-00236	MEN-A1-0236	9	Screenshot 2026-07-29 141002(5).png	f49af5ad8b60c9559a74d25acfa4528b7c622dd5834abcc570bfaa1d94c041e1	4	sich setzen	IMAGE_BOUND	PENDING_FIELD_LEVEL_EXTRACTION
237	MEN-A1-00237	MEN-A1-0237	9	Screenshot 2026-07-29 141002(5).png	f49af5ad8b60c9559a74d25acfa4528b7c622dd5834abcc570bfaa1d94c041e1	5	dabeihaben	IMAGE_BOUND	PENDING_FIELD_LEVEL_EXTRACTION
238	MEN-A1-00238	MEN-A1-0238	9	Screenshot 2026-07-29 141002(5).png	f49af5ad8b60c9559a74d25acfa4528b7c622dd5834abcc570bfaa1d94c041e1	6	aufwachen	IMAGE_BOUND	PENDING_FIELD_LEVEL_EXTRACTION
239	MEN-A1-00239	MEN-A1-0239	9	Screenshot 2026-07-29 141002(5).png	f49af5ad8b60c9559a74d25acfa4528b7c622dd5834abcc570bfaa1d94c041e1	7	öffnen	IMAGE_BOUND	PENDING_FIELD_LEVEL_EXTRACTION
240	MEN-A1-00240	MEN-A1-0240	9	Screenshot 2026-07-29 141002(5).png	f49af5ad8b60c9559a74d25acfa4528b7c622dd5834abcc570bfaa1d94c041e1	8	bergen	IMAGE_BOUND	PENDING_FIELD_LEVEL_EXTRACTION
241	MEN-A1-00241	MEN-A1-0241	9	Screenshot 2026-07-29 141002(5).png	f49af5ad8b60c9559a74d25acfa4528b7c622dd5834abcc570bfaa1d94c041e1	9	ein Fest abhalten	IMAGE_BOUND	PENDING_FIELD_LEVEL_EXTRACTION
242	MEN-A1-00242	MEN-A1-0242	9	Screenshot 2026-07-29 141002(5).png	f49af5ad8b60c9559a74d25acfa4528b7c622dd5834abcc570bfaa1d94c041e1	10	gratulieren	IMAGE_BOUND	PENDING_FIELD_LEVEL_EXTRACTION
243	MEN-A1-00243	MEN-A1-0243	9	Screenshot 2026-07-29 141002(5).png	f49af5ad8b60c9559a74d25acfa4528b7c622dd5834abcc570bfaa1d94c041e1	11	schenken	IMAGE_BOUND	PENDING_FIELD_LEVEL_EXTRACTION
244	MEN-A1-00244	MEN-A1-0244	9	Screenshot 2026-07-29 141002(5).png	f49af5ad8b60c9559a74d25acfa4528b7c622dd5834abcc570bfaa1d94c041e1	12	umziehen	IMAGE_BOUND	PENDING_FIELD_LEVEL_EXTRACTION
245	MEN-A1-00245	MEN-A1-0245	9	Screenshot 2026-07-29 141002(5).png	f49af5ad8b60c9559a74d25acfa4528b7c622dd5834abcc570bfaa1d94c041e1	13	sich umziehen	IMAGE_BOUND	PENDING_FIELD_LEVEL_EXTRACTION
246	MEN-A1-00246	MEN-A1-0246	9	Screenshot 2026-07-29 141002(5).png	f49af5ad8b60c9559a74d25acfa4528b7c622dd5834abcc570bfaa1d94c041e1	14	freuen	IMAGE_BOUND	PENDING_FIELD_LEVEL_EXTRACTION
247	MEN-A1-00247	MEN-A1-0247	10	Screenshot 2026-07-29 140901(5).png	1bb17a4a0b1fee36f70a317348da1e6a35471d6542c82b88a75318b6bc4a944f	1	sich um jdn./etw. kümmern	IMAGE_BOUND	PENDING_FIELD_LEVEL_EXTRACTION
248	MEN-A1-00248	MEN-A1-0248	10	Screenshot 2026-07-29 140901(5).png	1bb17a4a0b1fee36f70a317348da1e6a35471d6542c82b88a75318b6bc4a944f	2	reparieren	IMAGE_BOUND	PENDING_FIELD_LEVEL_EXTRACTION
249	MEN-A1-00249	MEN-A1-0249	10	Screenshot 2026-07-29 140901(5).png	1bb17a4a0b1fee36f70a317348da1e6a35471d6542c82b88a75318b6bc4a944f	3	schicken	IMAGE_BOUND	PENDING_FIELD_LEVEL_EXTRACTION
250	MEN-A1-00250	MEN-A1-0250	10	Screenshot 2026-07-29 140901(5).png	1bb17a4a0b1fee36f70a317348da1e6a35471d6542c82b88a75318b6bc4a944f	4	vereinbaren	IMAGE_BOUND	PENDING_FIELD_LEVEL_EXTRACTION
251	MEN-A1-00251	MEN-A1-0251	10	Screenshot 2026-07-29 140901(5).png	1bb17a4a0b1fee36f70a317348da1e6a35471d6542c82b88a75318b6bc4a944f	5	verschieben	IMAGE_BOUND	PENDING_FIELD_LEVEL_EXTRACTION
252	MEN-A1-00252	MEN-A1-0252	10	Screenshot 2026-07-29 140901(5).png	1bb17a4a0b1fee36f70a317348da1e6a35471d6542c82b88a75318b6bc4a944f	6	sich verschieben	IMAGE_BOUND	PENDING_FIELD_LEVEL_EXTRACTION
253	MEN-A1-00253	MEN-A1-0253	10	Screenshot 2026-07-29 140901(5).png	1bb17a4a0b1fee36f70a317348da1e6a35471d6542c82b88a75318b6bc4a944f	7	passen	IMAGE_BOUND	PENDING_FIELD_LEVEL_EXTRACTION
254	MEN-A1-00254	MEN-A1-0254	10	Screenshot 2026-07-29 140901(5).png	1bb17a4a0b1fee36f70a317348da1e6a35471d6542c82b88a75318b6bc4a944f	8	zu etw. passen	IMAGE_BOUND	PENDING_FIELD_LEVEL_EXTRACTION
255	MEN-A1-00255	MEN-A1-0255	10	Screenshot 2026-07-29 140901(5).png	1bb17a4a0b1fee36f70a317348da1e6a35471d6542c82b88a75318b6bc4a944f	9	tun	IMAGE_BOUND	PENDING_FIELD_LEVEL_EXTRACTION
256	MEN-A1-00256	MEN-A1-0256	10	Screenshot 2026-07-29 140901(5).png	1bb17a4a0b1fee36f70a317348da1e6a35471d6542c82b88a75318b6bc4a944f	10	vor jdm./etw. Angst haben	IMAGE_BOUND	PENDING_FIELD_LEVEL_EXTRACTION
257	MEN-A1-00257	MEN-A1-0257	10	Screenshot 2026-07-29 140901(5).png	1bb17a4a0b1fee36f70a317348da1e6a35471d6542c82b88a75318b6bc4a944f	11	warten / auf jdn./etw. warten	IMAGE_BOUND	PENDING_FIELD_LEVEL_EXTRACTION
258	MEN-A1-00258	MEN-A1-0258	10	Screenshot 2026-07-29 140901(5).png	1bb17a4a0b1fee36f70a317348da1e6a35471d6542c82b88a75318b6bc4a944f	12	mitnehmen	IMAGE_BOUND	PENDING_FIELD_LEVEL_EXTRACTION
259	MEN-A1-00259	MEN-A1-0259	10	Screenshot 2026-07-29 140901(5).png	1bb17a4a0b1fee36f70a317348da1e6a35471d6542c82b88a75318b6bc4a944f	13	stecken	IMAGE_BOUND	PENDING_FIELD_LEVEL_EXTRACTION
260	MEN-A1-00260	MEN-A1-0260	10	Screenshot 2026-07-29 140901(5).png	1bb17a4a0b1fee36f70a317348da1e6a35471d6542c82b88a75318b6bc4a944f	14	stecken bleiben	IMAGE_BOUND	PENDING_FIELD_LEVEL_EXTRACTION
261	MEN-A1-00261	MEN-A1-0261	10	Screenshot 2026-07-29 140901(5).png	1bb17a4a0b1fee36f70a317348da1e6a35471d6542c82b88a75318b6bc4a944f	15	nerven	IMAGE_BOUND	PENDING_FIELD_LEVEL_EXTRACTION
262	MEN-A1-00262	MEN-A1-0262	10	Screenshot 2026-07-29 140901(5).png	1bb17a4a0b1fee36f70a317348da1e6a35471d6542c82b88a75318b6bc4a944f	16	duschen	IMAGE_BOUND	PENDING_FIELD_LEVEL_EXTRACTION
263	MEN-A1-00263	MEN-A1-0263	10	Screenshot 2026-07-29 140901(5).png	1bb17a4a0b1fee36f70a317348da1e6a35471d6542c82b88a75318b6bc4a944f	17	schaffen	IMAGE_BOUND	PENDING_FIELD_LEVEL_EXTRACTION
264	MEN-A1-00264	MEN-A1-0264	10	Screenshot 2026-07-29 140901(5).png	1bb17a4a0b1fee36f70a317348da1e6a35471d6542c82b88a75318b6bc4a944f	18	hinbringen	IMAGE_BOUND	PENDING_FIELD_LEVEL_EXTRACTION
265	MEN-A1-00265	MEN-A1-0265	10	Screenshot 2026-07-29 140901(5).png	1bb17a4a0b1fee36f70a317348da1e6a35471d6542c82b88a75318b6bc4a944f	19	anerkennen	IMAGE_BOUND	PENDING_FIELD_LEVEL_EXTRACTION
266	MEN-A1-00266	MEN-A1-0266	10	Screenshot 2026-07-29 140901(5).png	1bb17a4a0b1fee36f70a317348da1e6a35471d6542c82b88a75318b6bc4a944f	20	abschließen	IMAGE_BOUND	PENDING_FIELD_LEVEL_EXTRACTION
267	MEN-A1-00267	MEN-A1-0267	10	Screenshot 2026-07-29 140901(5).png	1bb17a4a0b1fee36f70a317348da1e6a35471d6542c82b88a75318b6bc4a944f	21	anmelden	IMAGE_BOUND	PENDING_FIELD_LEVEL_EXTRACTION
268	MEN-A1-00268	MEN-A1-0268	10	Screenshot 2026-07-29 140901(5).png	1bb17a4a0b1fee36f70a317348da1e6a35471d6542c82b88a75318b6bc4a944f	22	sich bei etw. anmelden	IMAGE_BOUND	PENDING_FIELD_LEVEL_EXTRACTION
269	MEN-A1-00269	MEN-A1-0269	10	Screenshot 2026-07-29 140901(5).png	1bb17a4a0b1fee36f70a317348da1e6a35471d6542c82b88a75318b6bc4a944f	23	werden	IMAGE_BOUND	PENDING_FIELD_LEVEL_EXTRACTION
270	MEN-A1-00270	MEN-A1-0270	10	Screenshot 2026-07-29 140901(5).png	1bb17a4a0b1fee36f70a317348da1e6a35471d6542c82b88a75318b6bc4a944f	24	zu Fuß gehen	IMAGE_BOUND	PENDING_FIELD_LEVEL_EXTRACTION
271	MEN-A1-00271	MEN-A1-0271	10	Screenshot 2026-07-29 140901(5).png	1bb17a4a0b1fee36f70a317348da1e6a35471d6542c82b88a75318b6bc4a944f	25	segeln	IMAGE_BOUND	PENDING_FIELD_LEVEL_EXTRACTION
272	MEN-A1-00272	MEN-A1-0272	10	Screenshot 2026-07-29 140901(5).png	1bb17a4a0b1fee36f70a317348da1e6a35471d6542c82b88a75318b6bc4a944f	26	sich bewerben	IMAGE_BOUND	PENDING_FIELD_LEVEL_EXTRACTION
273	MEN-A1-00273	MEN-A1-0273	10	Screenshot 2026-07-29 140901(5).png	1bb17a4a0b1fee36f70a317348da1e6a35471d6542c82b88a75318b6bc4a944f	27	sich bei jdm./etw. bewerben	IMAGE_BOUND	PENDING_FIELD_LEVEL_EXTRACTION
274	MEN-A1-00274	MEN-A1-0274	10	Screenshot 2026-07-29 140901(5).png	1bb17a4a0b1fee36f70a317348da1e6a35471d6542c82b88a75318b6bc4a944f	28	sich um eine Stelle bewerben	IMAGE_BOUND	PENDING_FIELD_LEVEL_EXTRACTION
275	MEN-A1-00275	MEN-A1-0275	10	Screenshot 2026-07-29 140901(5).png	1bb17a4a0b1fee36f70a317348da1e6a35471d6542c82b88a75318b6bc4a944f	29	bekommen	IMAGE_BOUND	PENDING_FIELD_LEVEL_EXTRACTION
276	MEN-A1-00276	MEN-A1-0276	10	Screenshot 2026-07-29 140901(5).png	1bb17a4a0b1fee36f70a317348da1e6a35471d6542c82b88a75318b6bc4a944f	30	durchkommen	IMAGE_BOUND	PENDING_FIELD_LEVEL_EXTRACTION
